Team standing after Swiss;Name;Deck;Ctry;Seat;Team;Team match points after Swiss
1;Gortzen, Dominik;Tron;DE;A;Gortzen-Plagge-Labahn;35
1;Plagge, Julian;Tron;DE;B;Gortzen-Plagge-Labahn;35
1;Labahn, Nikolas;Stoneforge Urza;DE;C;Gortzen-Plagge-Labahn;35
2;Vos, Brent;Jeskai Stoneblade;NL;A;Vos-Van De Sande-Box;34
2;Van De Sande, Niels;Whirza;NL;B;Vos-Van De Sande-Box;34
2;Box, Jesper;Dredge;NL;C;Vos-Van De Sande-Box;34
3;Cestaro, Laurent;Burn;FR;A;Cestaro-Dezani-Chabriac;34
3;Dezani, Jeremy;Mardu Shadow;FR;B;Cestaro-Dezani-Chabriac;34
3;Chabriac, Nicolas;Bant Stoneblade;FR;C;Cestaro-Dezani-Chabriac;34
4;Perez, Ruben;Whirza;ES;A;Perez-Calafell-Trujillo;34
4;Calafell, Joel;Whirza;ES;B;Perez-Calafell-Trujillo;34
4;Trujillo, Esther;Jund;ES;C;Perez-Calafell-Trujillo;34
5;Henry, Julien;Whirza;FR;A;Henry-Glogowski-Deltour;33
5;Glogowski, Piotr;Whirza;BE;B;Henry-Glogowski-Deltour;33
5;Deltour, Louis;Whirza;FR;C;Henry-Glogowski-Deltour;33
6;Wallner, Johann;TitanShift;DE;A;Wallner-Tobiasch-Holtmann;33
6;Tobiasch, Marc;Whirza;DE;B;Wallner-Tobiasch-Holtmann;33
6;Holtmann, Niklas;Jund;DE;C;Wallner-Tobiasch-Holtmann;33
7;Sodomirski, Tomasz;Dredge;BE;A;Sodomirski-Korpikiewicz-Lorenc;33
7;Korpikiewicz, Jacek;Jund;BE;B;Sodomirski-Korpikiewicz-Lorenc;33
7;Lorenc, Michal;Eldrazi Tron;BE;C;Sodomirski-Korpikiewicz-Lorenc;33
8;Jochum, Arnaud;Temur Kiki-Jiki;FR;A;Jochum-Bachaud-Ramboa;33
8;Bachaud, Louis;Temur Kiki-Jiki;FR;B;Jochum-Bachaud-Ramboa;33
8;Ramboa, Thierry;TitanShift;FR;C;Jochum-Bachaud-Ramboa;33
9;Toledo, Daniel;Whirza;ES;A;Toledo-Velazquez-Martinez;32
9;Velazquez, Jose Luis;Whirza;ES;B;Toledo-Velazquez-Martinez;32
9;Martinez, Daniel;Humans;ES;C;Toledo-Velazquez-Martinez;32
10;Hocquemiller, Arnaud;U/W Control;FR;A;Hocquemiller-Stihle-Habert;32
10;Stihle, Julien;U/W Control;FR;B;Hocquemiller-Stihle-Habert;32
10;Habert, Alexandre;Grixis Shadow;FR;C;Hocquemiller-Stihle-Habert;32
11;Stok, Alex;U/W Stoneblade;NL;A;Stok-Van Den Oever-Cooman;32
11;Van Den Oever, Roy;Tron;NL;B;Stok-Van Den Oever-Cooman;32
11;Cooman, Andy;U/R Emrakul Breach;NL;C;Stok-Van Den Oever-Cooman;32
12;Valette, Thibault;U/W Control;FR;A;Valette-Teyant-Le Francois;31
12;Teyant, Mickael;Infect;FR;B;Valette-Teyant-Le Francois;31
12;Le Francois, Remi;Dredge;FR;C;Valette-Teyant-Le Francois;31
13;Van Der Beek, Laurens;Devoted Vizier;NL;A;Van Der Beek-Van Donselaar-Prosek;30
13;Van Donselaar, Philip;Jeskai Stoneblade;NL;B;Van Der Beek-Van Donselaar-Prosek;30
13;Prosek, Dominik;Burn;CZ;C;Van Der Beek-Van Donselaar-Prosek;30
14;Londos, Ludvig;Dredge;SE;A;Londos-Lindstrom-Nystrom;30
14;Lindstrom, Martin;Dredge;SE;B;Londos-Lindstrom-Nystrom;30
14;Nystrom, Per;Dredge;SE;C;Londos-Lindstrom-Nystrom;30
15;Staples, James;Eldrazi Tron;XE;A;Staples-Green-Arlow;30
15;Green, Christoph;Hardened Scales;XE;B;Staples-Green-Arlow;30
15;Arlow, Chris;Jund;XE;C;Staples-Green-Arlow;30
16;Ducenko, Lev;Humans;DE;A;Ducenko-Joachim-Neumann;30
16;Joachim, David;U/W Stoneblade;DE;B;Ducenko-Joachim-Neumann;30
16;Neumann, Joaquim;Tron;DE;C;Ducenko-Joachim-Neumann;30
17;Hupkens, Tobie;Storm;NL;A;Hupkens-Splinter-Beijerink;30
17;Splinter, Stan;Hardened Scales;NL;B;Hupkens-Splinter-Beijerink;30
17;Beijerink, Pablo;Humans;NL;C;Hupkens-Splinter-Beijerink;30
18;Jones, Ben;Grixis Shadow;XE;A;Jones-Radosz-Przybyla;30
18;Radosz, Wojciech;Eldrazi Tron;BE;B;Jones-Radosz-Przybyla;30
18;Przybyla, Rafal;Humans;BE;C;Jones-Radosz-Przybyla;30
19;Lange, Bastian;Esper Control;DK;A;Lange-Geertsen-Brandt;30
19;Geertsen, Ditlev;Hardened Scales;DK;B;Lange-Geertsen-Brandt;30
19;Brandt, Jeppe;Jund;DK;C;Lange-Geertsen-Brandt;30
20;Diekjobst, Lukas;Grixis Shadow;DE;A;Diekjobst-Knorr-Pruser;28
20;Knorr, Sebastian;Tron;DE;B;Diekjobst-Knorr-Pruser;28
20;Pruser, Jan;Mono-Blue Tron;DE;C;Diekjobst-Knorr-Pruser;28
21;Smet, Roald;Tron;NL;A;Smet-Van Etten-Van Der Linden;28
21;Van Etten, Bart;Jund;NL;B;Smet-Van Etten-Van Der Linden;28
21;Van Der Linden, Leon;Burn;NL;C;Smet-Van Etten-Van Der Linden;28
22;Havelka, Ondrej;Kiki-Chord;CZ;A;Havelka-Muller-Kindl;28
22;Muller, Lukas;Humans;CZ;B;Havelka-Muller-Kindl;28
22;Kindl, Jiri;Burn;CZ;C;Havelka-Muller-Kindl;28
23;Metsa, Roope;Jund;FI;A;Metsa-Perttula-Lahonen;28
23;Perttula, Eetu;Jund;FI;B;Metsa-Perttula-Lahonen;28
23;Lahonen, Leo;Traverse Shadow;FI;C;Metsa-Perttula-Lahonen;28
24;Wolf, Lorenz;Bant Spirits;DE;A;Wolf-Hansen-Wery;28
24;Hansen, Marc;Hardened Scales;DE;B;Wolf-Hansen-Wery;28
24;Wery, Jacques;Stoneblade Martyr;DE;C;Wolf-Hansen-Wery;28
25;Fornacini, Mattia;Naya Burn;IT;A;Fornacini-Ravagli-Bartollini;28
25;Ravagli, Luca;Rhino-Balance;IT;B;Fornacini-Ravagli-Bartollini;28
25;Bartollini, Jacopo;Whirza;IT;C;Fornacini-Ravagli-Bartollini;28
26;Buehlbecker, Lukas;Niv-Mizzet Reborn;DE;A;Buehlbecker-Brendemuehl-Olbrich;28
26;Brendemuehl, Bernd;Burn;DE;B;Buehlbecker-Brendemuehl-Olbrich;28
26;Olbrich, Sascha;Eldrazi Tron;DE;C;Buehlbecker-Brendemuehl-Olbrich;28
27;Dubourg, Emeric;Jund;LU;A;Dubourg-Deschamp-Urset;28
27;Deschamp, Thibault;Eldrazi Tron;FR;B;Dubourg-Deschamp-Urset;28
27;Urset, Antoine;Humans;FR;C;Dubourg-Deschamp-Urset;28
28;Stifter, Christian;Burn;AT;A;Stifter-Fussi-Engl;28
28;Fussi, Johannes;Hardened Scales;AT;B;Stifter-Fussi-Engl;28
28;Engl, Stefan;Eldrazi & Taxes;AT;C;Stifter-Fussi-Engl;28
29;Lindrath, Marc;Jund;DE;A;Lindrath-Drohberg-Petrick;28
29;Drohberg, Philipp;Grixis Shadow;DE;B;Lindrath-Drohberg-Petrick;28
29;Petrick, Fabien;Devoted Vizier;DE;C;Lindrath-Drohberg-Petrick;28
30;Carrasco, Joaquin;Jund;ES;A;Carrasco-Gutierrez Fernandez-Ruiz;28
30;Gutierrez Fernandez, Jordi;U/W Stoneblade;ES;B;Carrasco-Gutierrez Fernandez-Ruiz;28
30;Ruiz, Emili;Hardened Scales;ES;C;Carrasco-Gutierrez Fernandez-Ruiz;28
31;Elings, Stef;Burn;NL;A;Elings-Doets-De Vries;28
31;Doets, Sam;Jund;NL;B;Elings-Doets-De Vries;28
31;De Vries, Florian;Affinity;NL;C;Elings-Doets-De Vries;28
32;Winter, Alex;Infect;XE;A;Winter-Loubser-Azevedo;27
32;Loubser, Pieter;Jund;XE;B;Winter-Loubser-Azevedo;27
32;Azevedo, Pedro;Burn;XE;C;Winter-Loubser-Azevedo;27
33;Casamenti, Alessandro;TitanShift;IT;A;Casamenti-Castellani-Montefiori;27
33;Castellani, Antonio;Burn;IT;B;Casamenti-Castellani-Montefiori;27
33;Montefiori, Giovanni;Grixis Shadow;IT;C;Casamenti-Castellani-Montefiori;27
34;Stanizzi, Alessandro;TitanShift;IT;A;Stanizzi-Bronzini-Brutti;27
34;Bronzini, Matteo;Amulet Titan;IT;B;Stanizzi-Bronzini-Brutti;27
34;Brutti, Emanuele;Tron;IT;C;Stanizzi-Bronzini-Brutti;27
35;Steinbruck, Philipp;Burn;DE;A;Steinbruck-Weides-Steinbruck;27
35;Weides, Oliver;Bogles;DE;B;Steinbruck-Weides-Steinbruck;27
35;Steinbruck, Marvin;Jund;DE;C;Steinbruck-Weides-Steinbruck;27
36;Van Harten, Christiaan;Eldrazi Tron;NL;A;Van Harten-Bruins-Bottema;27
36;Bruins, Pieter;Hardened Scales;NL;B;Van Harten-Bruins-Bottema;27
36;Bottema, Rutger;Infect;NL;C;Van Harten-Bruins-Bottema;27
37;Hristov, Lenard;Jund;BG;A;Hristov-Naydenov-Mladenov;27
37;Naydenov, George;Mardu Shadow;BG;B;Hristov-Naydenov-Mladenov;27
37;Mladenov, Emanuil;Eldrazi Tron;BG;C;Hristov-Naydenov-Mladenov;27
38;Bussy, Alexandre;The Rock;FR;A;Bussy-Ahmed-De Jesus Pequeno;26
38;Ahmed, Mehdi;Cheerios;FR;B;Bussy-Ahmed-De Jesus Pequeno;26
38;De Jesus Pequeno, Emmanuel;Dredge;FR;C;Bussy-Ahmed-De Jesus Pequeno;26
39;Korevaar, Martijn;Tron;NL;A;Korevaar-Been-Van Rijn;25
39;Been, Iso;Jund;NL;B;Korevaar-Been-Van Rijn;25
39;Van Rijn, Frank;Dredge;NL;C;Korevaar-Been-Van Rijn;25
40;Pinto, Goncalo;Whirza;PT;A;Pinto-Torres-Carvalho;25
40;Torres, Bernardo;U/W Stoneblade;PT;B;Pinto-Torres-Carvalho;25
40;Carvalho, Pedro;Grixis Shadow;PT;C;Pinto-Torres-Carvalho;25
41;Schmit, Claude;Whirza;LU;A;Schmit-Genieis-Ek;25
41;Genieis, Nicolas;Jund;XE;B;Schmit-Genieis-Ek;25
41;Ek, Niklas;Burn;XE;C;Schmit-Genieis-Ek;25
42;Botten, Dylan;Jund;BE;A;Botten-Meulders-Steurs;24
42;Meulders, Bram;Twiddle Storm;BE;B;Botten-Meulders-Steurs;24
42;Steurs, Johan;W/U Control;BE;C;Botten-Meulders-Steurs;24
43;Zaninelli, Giovanni;Tron;IT;A;Zaninelli-Venturi-Bignami;24
43;Venturi, Raul;Whirza;IT;B;Zaninelli-Venturi-Bignami;24
43;Bignami, Andrea;Jund;IT;C;Zaninelli-Venturi-Bignami;24
44;Hermans, Myrddin;Whirza;NL;A;Hermans-Van Den Bogaard-Meijers;24
44;Van Den Bogaard, Ricardo;Dredge;NL;B;Hermans-Van Den Bogaard-Meijers;24
44;Meijers, Vincent;U/W Stoneblade;NL;C;Hermans-Van Den Bogaard-Meijers;24
45;Nielsen, Kasper;Burn;DK;A;Nielsen-Larsen-Gotfredsen;24
45;Larsen, Christoffer;Burn;DK;B;Nielsen-Larsen-Gotfredsen;24
45;Gotfredsen, Anders;Jeskai Stoneblade;DK;C;Nielsen-Larsen-Gotfredsen;24
46;Grafensteiner, Daniel;Ad Nauseam;DE;A;Grafensteiner-Schwarz-Grafensteiner;24
46;Schwarz, Sascha;Grixis Shadow;DE;B;Grafensteiner-Schwarz-Grafensteiner;24
46;Grafensteiner, Tobias;Mono-Blue Tron;DE;C;Grafensteiner-Schwarz-Grafensteiner;24
47;De Groot, Bjorn;Bogles;NL;A;De Groot-Pouwels-Scherpenzeel;24
47;Pouwels, Patrick;Bogles;NL;B;De Groot-Pouwels-Scherpenzeel;24
47;Scherpenzeel, Dennis;Bogles;NL;C;De Groot-Pouwels-Scherpenzeel;24
48;Olszewski, Przemyslaw;TitanShift;PL;A;Olszewski-Klimuszko-Kowalczuk;22
48;Klimuszko, Marcin;Eldrazi Tron;PL;B;Olszewski-Klimuszko-Kowalczuk;22
48;Kowalczuk, Wojciech;Grixis Shadow;PL;C;Olszewski-Klimuszko-Kowalczuk;22
49;Oneto, Mattia;Burn;IT;A;Oneto-Mengucci-Gallinari;22
49;Mengucci, Andrea;Dredge;IT;B;Oneto-Mengucci-Gallinari;22
49;Gallinari, Samuele;Burn;IT;C;Oneto-Mengucci-Gallinari;22
50;Rensen, Stijn;Tron;NL;A;Rensen-Kenbeek-Lucassen;22
50;Kenbeek, Wout;U/W Stoneblade;NL;B;Rensen-Kenbeek-Lucassen;22
50;Lucassen, Henk;Temur Midrange;NL;C;Rensen-Kenbeek-Lucassen;22
51;Von Loh, Ivan;Infect;US;A;Von Loh-Griebel-Accornero;21
51;Griebel, Joel;Tron;DE;B;Von Loh-Griebel-Accornero;21
51;Accornero, Drew;Amulet Titan;US;C;Von Loh-Griebel-Accornero;21
52;Niemann, Tom;Burn;DE;A;Niemann-Otto-Niemann;21
52;Otto, Gregor;Green Devotion;DE;B;Niemann-Otto-Niemann;21
52;Niemann, Finn Lennart;Amulet Titan;DE;C;Niemann-Otto-Niemann;21
53;Kraft, Rene;Tron;DE;A;Kraft-Zimmermann-Heuser;21
53;Zimmermann, Martin;Whirza;DE;B;Kraft-Zimmermann-Heuser;21
53;Heuser, Marius;Jund;DE;C;Kraft-Zimmermann-Heuser;21
54;Wensing, Tobias;Tron;DE;A;Wensing-Heiden-Bendheuer;21
54;Heiden, Jens;TitanShift;DE;B;Wensing-Heiden-Bendheuer;21
54;Bendheuer, Christopher;Goblins;DE;C;Wensing-Heiden-Bendheuer;21
55;Hillemans, Jeroen;U/W Stoneblade;NL;A;Hillemans-Sardjan-Boelens;19
55;Sardjan, Danny;Traverse Shadow;NL;B;Hillemans-Sardjan-Boelens;19
55;Boelens, Jasper;Mardu Shadow;NL;C;Hillemans-Sardjan-Boelens;19
56;Bezemer, Hugh;TitanShift;ZA;A;Bezemer-Van Der Bijl-Ogden;18
56;Van Der Bijl, Alex;Infect;ZA;B;Bezemer-Van Der Bijl-Ogden;18
56;Ogden, Jonathan;Burn;ZA;C;Bezemer-Van Der Bijl-Ogden;18
57;Dee, Aaron;Dredge;XE;A;Dee-Russett-Mitchell;16
57;Russett, Charles;Tron;XE;B;Dee-Russett-Mitchell;16
57;Mitchell, Matthew;Tron;XE;C;Dee-Russett-Mitchell;16
58;Liebsch, Pierre;Twiddle Storm;DE;A;Liebsch-Tumpach-Hecker;16
58;Tumpach, Markus;Hardened Scales;DE;B;Liebsch-Tumpach-Hecker;16
58;Hecker, Julian;Dredge;DE;C;Liebsch-Tumpach-Hecker;16
59;Jeske, Kai;Tron;DE;A;Jeske-Hujo-Naussedat;16
59;Hujo, Christopher;Jund;DE;B;Jeske-Hujo-Naussedat;16
59;Naussedat, Mike;Jund;DE;C;Jeske-Hujo-Naussedat;16
60;Toman, Stefan;Infect;DE;A;Toman-Karl-Terziyski;16
60;Karl, Florian;Burn;DE;B;Toman-Karl-Terziyski;16
60;Terziyski, Nikolay;Abzan;DE;C;Toman-Karl-Terziyski;16
61;Gillet, Aurelien;Burn;FR;A;Gillet-Maisonneuve-Wafo-Tapa;16
61;Maisonneuve, Erwan;Jeskai Control;FR;B;Gillet-Maisonneuve-Wafo-Tapa;16
61;Wafo-Tapa, Guillaume;Esper Control;FR;C;Gillet-Maisonneuve-Wafo-Tapa;16
62;Cucchi, Antoine;TitanShift;LU;A;Cucchi-Liu-Bleriot;16
62;Liu, Jin;Hardened Scales;CN;B;Cucchi-Liu-Bleriot;16
62;Bleriot, Aurelien;Dredge;FR;C;Cucchi-Liu-Bleriot;16
63;Bergodi, Alessio;Traverse Shadow;IT;A;Bergodi-Trogu-Meloni;16
63;Trogu, Francesco;Traverse Shadow;IT;B;Bergodi-Trogu-Meloni;16
63;Meloni, Luca;Amulet Titan;IT;C;Bergodi-Trogu-Meloni;16
64;Wroblewski, Florian;Eldrazi Tron;DE;A;Wroblewski-Altmann-Reintges;16
64;Altmann, Frederik;Grixis Control;DE;B;Wroblewski-Altmann-Reintges;16
64;Reintges, Marcel;Jeskai Stoneblade;DE;C;Wroblewski-Altmann-Reintges;16
65;Kreijne, Jeroen;Hardened Scales;NL;A;Kreijne-Heijne-Wardenier;16
65;Heijne, Pim;Traverse Shadow;NL;B;Kreijne-Heijne-Wardenier;16
65;Wardenier, Niels;Eldrazi Tron;NL;C;Kreijne-Heijne-Wardenier;16
66;Fassler, Tim;Saheeli combo;CH;A;Fassler-Fassler-Kistler;16
66;Fassler, Dario;Saheeli combo;CH;B;Fassler-Fassler-Kistler;16
66;Kistler, Patrick;Sultai CrabVine;CH;C;Fassler-Fassler-Kistler;16
67;Hamp, Jannik;Merfolk;DE;A;Hamp-Chu-Gurinas;16
67;Chu, Paul;Grixis Shadow;DE;B;Hamp-Chu-Gurinas;16
67;Gurinas, Edvinas;Tron;LT;C;Hamp-Chu-Gurinas;16
68;Strnat, Fritz;Paradoxical Urza;US;A;Strnat-Lamprecht-Held;16
68;Lamprecht, Julian;Devoted Vizier;DE;B;Strnat-Lamprecht-Held;16
68;Held, Fabian;Mono-Blue Tron;DE;C;Strnat-Lamprecht-Held;16
69;Bismo, Ryan;Tron;DE;A;Bismo-Mahnke-Wilde;16
69;Mahnke, Mattheo;Burn;DE;B;Bismo-Mahnke-Wilde;16
69;Wilde, Sebastian;W/U Control;DE;C;Bismo-Mahnke-Wilde;16
70;Wickham, Charles;Whirza;FR;A;Wickham-Signargout-Mery;16
70;Signargout, Axel;Whirza;FR;B;Wickham-Signargout-Mery;16
70;Mery, Theau;White Eldrazi;FR;C;Wickham-Signargout-Mery;16
71;Mullet, Flavien;Jund;FR;A;Mullet-Marion-Pinet;16
71;Marion, Damien;Amulet Titan;FR;B;Mullet-Marion-Pinet;16
71;Pinet, Vincent;Amulet Titan;FR;C;Mullet-Marion-Pinet;16
72;Moral, Carlos;Esper Control;ES;A;Moral-Garcia-Sanchez;16
72;Garcia, Sergio;Esper Control;ES;B;Moral-Garcia-Sanchez;16
72;Sanchez, Ricardo;Esper Control;ES;C;Moral-Garcia-Sanchez;16
73;Kuisma, Matti;Traverse Shadow;FI;A;Kuisma-Nielsen-Takahashi;16
73;Nielsen, Simon;Tron;DK;B;Kuisma-Nielsen-Takahashi;16
73;Takahashi, Zen;Dredge;NZ;C;Kuisma-Nielsen-Takahashi;16
74;Gerschenson, Immanuel;Whirza;AT;A;Gerschenson-Huschenbeth-Steinborn;16
74;Huschenbeth, Arne;Jund;DE;B;Gerschenson-Huschenbeth-Steinborn;16
74;Steinborn, Robin;Jund;DE;C;Gerschenson-Huschenbeth-Steinborn;16
75;Reusink, Paul;Eldrazi Tron;NL;A;Reusink-Lopez-Jovic;16
75;Lopez, Richie;U/W Stoneblade;NL;B;Reusink-Lopez-Jovic;16
75;Jovic, Jerko;TitanShift;NL;C;Reusink-Lopez-Jovic;16
76;Drapala, Thomas;Burn;FR;A;Drapala-Mezhoud-Maugard;15
76;Mezhoud, Hakim;Eldrazi Tron;FR;B;Drapala-Mezhoud-Maugard;15
76;Maugard, Antoine;Grixis Shadow;FR;C;Drapala-Mezhoud-Maugard;15
77;Hauzer, Michael;Mardu Shadow;DE;A;Hauzer-Gecaj-Escher;15
77;Gecaj, Betim;Slivers;DE;B;Hauzer-Gecaj-Escher;15
77;Escher, Jonas;Elves;DE;C;Hauzer-Gecaj-Escher;15
78;Keuning, Pieter;Burn;NL;A;Keuning-Korver-Hoonderd;15
78;Korver, Joris;Burn;NL;B;Keuning-Korver-Hoonderd;15
78;Hoonderd, Marco;Burn;NL;C;Keuning-Korver-Hoonderd;15
79;Stroh, Kim;Jund;DK;A;Stroh-De Place-Hyttel;15
79;De Place, Lauge;G/W Eldrazi;DK;B;Stroh-De Place-Hyttel;15
79;Hyttel, Lucas;Burn;DK;C;Stroh-De Place-Hyttel;15
80;Goetz, Claus;Infect;DE;A;Goetz-Akram-Steinfeldt;15
80;Akram, Shumon;Burn;DE;B;Goetz-Akram-Steinfeldt;15
80;Steinfeldt, Henry;U/W Stoneblade;DE;C;Goetz-Akram-Steinfeldt;15
81;Albers, Hannes;Grixis Shadow;DE;A;Albers-Treike-Nolker;15
81;Treike, Vincent;Jund;DE;B;Albers-Treike-Nolker;15
81;Nolker, Rolf;Burn;DE;C;Albers-Treike-Nolker;15
82;Moscato, Adriano;Humans;IT;A;Moscato-Moure-Cammilluzzi;15
82;Moure, Matteo;Whirza;IT;B;Moscato-Moure-Cammilluzzi;15
82;Cammilluzzi, Marco;Humans;IT;C;Moscato-Moure-Cammilluzzi;15
83;Litja, Elson;Burn;IT;A;Litja-Rosi-Vassallo;15
83;Rosi, Giovanni;Hardened Scales;IT;B;Litja-Rosi-Vassallo;15
83;Vassallo, Marco;Grixis Shadow;IT;C;Litja-Rosi-Vassallo;15
84;Tzamouranis, Chronis;Burn;GR;A;Tzamouranis-Kopanas-Avgoustis;15
84;Kopanas, Anastasis;Tron;GR;B;Tzamouranis-Kopanas-Avgoustis;15
84;Avgoustis, Kyriakos;Bant Spirits;GR;C;Tzamouranis-Kopanas-Avgoustis;15
85;Bogaard, Erikjan;Mardu Shadow;NL;A;Bogaard-Den Bieman-Kaarls;15
85;Den Bieman, Joost;Whirza;NL;B;Bogaard-Den Bieman-Kaarls;15
85;Kaarls, Leonard;Burn;NL;C;Bogaard-Den Bieman-Kaarls;15
86;Linden, Carsten;Tron;DE;A;Linden-Klocker-Ganz;15
86;Klocker, Elias;Sultai CrabVine;AT;B;Linden-Klocker-Ganz;15
86;Ganz, Andreas;Sultai CrabVine;CH;C;Linden-Klocker-Ganz;15
87;Ruiz, Miguel;Humans;ES;A;Ruiz-De Gracia-Serrano;15
87;De Gracia, Amadeo;Burn;ES;B;Ruiz-De Gracia-Serrano;15
87;Serrano, Gonzalo;W/U Control;ES;C;Ruiz-De Gracia-Serrano;15
88;Menges, Manuel;Hardened Scales;DE;A;Menges-Jung-Spang;15
88;Jung, Carsten;Jund;DE;B;Menges-Jung-Spang;15
88;Spang, Simon;Traverse Shadow;DE;C;Menges-Jung-Spang;15
89;Meyer, Alexandre;Humans;FR;A;Meyer-Krawies-Krawies;15
89;Krawies, Martin;Bant Soulherder;FR;B;Meyer-Krawies-Krawies;15
89;Krawies, Laure;Green Devotion;FR;C;Meyer-Krawies-Krawies;15
90;Drobner, Timo;Eldrazi Tron;DE;A;Drobner-Fesser-Jake;15
90;Fesser, Meik;Tron;DE;B;Drobner-Fesser-Jake;15
90;Jake, Markus;Burn;DE;C;Drobner-Fesser-Jake;15
91;Berteaux, Julien;Burn;FR;A;Berteaux-Calligaro-Dosimont;15
91;Calligaro, Laurent;TitanShift;LU;B;Berteaux-Calligaro-Dosimont;15
91;Dosimont, Amand;Devoted Stoneforge Vizier;BE;C;Berteaux-Calligaro-Dosimont;15
92;Gyselinck, Jelle;Humans;BE;A;Gyselinck-Van Der Paelt-Gregoir;15
92;Van Der Paelt, Thomas;Jund;BE;B;Gyselinck-Van Der Paelt-Gregoir;15
92;Gregoir, Christophe;W/U Control;BE;C;Gyselinck-Van Der Paelt-Gregoir;15
93;Krohn Berle, Kim;Devoted Vizier;NO;A;Krohn Berle-Olav Hegni-Kirkebo;15
93;Olav Hegni, Erlend;TitanShift;NO;B;Krohn Berle-Olav Hegni-Kirkebo;15
93;Kirkebo, Erlend;TitanShift;NO;C;Krohn Berle-Olav Hegni-Kirkebo;15
94;Frey, Alexander;Whirza;DE;A;Frey-Hulpusch-Schneider;15
94;Hulpusch, Adrian;Dredge;DE;B;Frey-Hulpusch-Schneider;15
94;Schneider, Patrick;Tron;DE;C;Frey-Hulpusch-Schneider;15
95;Kobus, Sven;Dredge;NL;A;Kobus-Prenen-Van Staveren;15
95;Prenen, Thomas;Devoted Vizier;NL;B;Kobus-Prenen-Van Staveren;15
95;Van Staveren, Arthur;Infect;NL;C;Kobus-Prenen-Van Staveren;15
96;Piletti, Jacopo;TitanShift;IT;A;Piletti-Vignudelli-Reggiani;15
96;Vignudelli, Mattia;Grixis Shadow;IT;B;Piletti-Vignudelli-Reggiani;15
96;Reggiani, Samuele;Jund;IT;C;Piletti-Vignudelli-Reggiani;15
97;Bagstevold, David;Dredge;SE;A;Bagstevold-Enegren-Khoo;15
97;Enegren, Rasmus;U/W Stoneblade;SE;B;Bagstevold-Enegren-Khoo;15
97;Khoo, Harry;U/W Stoneblade;XE;C;Bagstevold-Enegren-Khoo;15
98;Schorr, Michael;Devoted Stoneforge Vizier;DE;A;Schorr-Pistorius-Weiss;15
98;Pistorius, Raphael;U/W Stoneblade;DE;B;Schorr-Pistorius-Weiss;15
98;Weiss, Julian;Tron;DE;C;Schorr-Pistorius-Weiss;15
99;Christianson, Albin;Dredge;SE;A;Christianson-Lindroth-Lagerlund;15
99;Lindroth, Niklas;Tron;SE;B;Christianson-Lindroth-Lagerlund;15
99;Lagerlund, Sebastian;U/W Stoneblade;SE;C;Christianson-Lindroth-Lagerlund;15
100;Aerts, Jens;Bant Spirits;BE;A;Aerts-Hajek-Valkeneers;15
100;Hajek, Diether;Jund;BE;B;Aerts-Hajek-Valkeneers;15
100;Valkeneers, Robbert;Neobrand;BE;C;Aerts-Hajek-Valkeneers;15
101;Kosiciar, Patrik;Eldrazi & Taxes;SK;A;Kosiciar-Szmatana-Surab;15
101;Szmatana, Patrik;Jund;SK;B;Kosiciar-Szmatana-Surab;15
101;Surab, Patrik;Jund;SK;C;Kosiciar-Szmatana-Surab;15
102;Sanchez Palacios, Jose Antonio;W/U Control;ES;A;Sanchez Palacios-Garcia-Diaz Saco;15
102;Garcia, Oscar;Amulet Titan;ES;B;Sanchez Palacios-Garcia-Diaz Saco;15
102;Diaz Saco, Jose Carlos;Burn;ES;C;Sanchez Palacios-Garcia-Diaz Saco;15
103;Atzori, Andrea;Eldrazi Tron;IT;A;Atzori-Barbieri-Guagliano;15
103;Barbieri, Riccardo;Eldrazi Tron;IT;B;Atzori-Barbieri-Guagliano;15
103;Guagliano, Giuseppe;Storm;IT;C;Atzori-Barbieri-Guagliano;15
104;Albrecht, Fabian;Stoneblade Pox;DE;A;Albrecht-Hahn-Winter;15
104;Hahn, Maximilian;Burn;DE;B;Albrecht-Hahn-Winter;15
104;Winter, Florian;Jund;DE;C;Albrecht-Hahn-Winter;15
105;Okada, Taro;Burn;JP;A;Okada-Ollier-Shahshahani;15
105;Ollier, Guillaume;Whirza;BE;B;Okada-Ollier-Shahshahani;15
105;Shahshahani, Ramtin;Mono-Red Prowess;BE;C;Okada-Ollier-Shahshahani;15
106;Alveirinho, Joao;U/W Stoneblade;PT;A;Alveirinho-Almeida-Serrao;15
106;Almeida, Tiago;Mono-Red Prowess;PT;B;Alveirinho-Almeida-Serrao;15
106;Serrao, Pedro;TitanShift;PT;C;Alveirinho-Almeida-Serrao;15
107;Levy, Olivier;Eldrazi Tron;FR;A;Levy-Vincent-Guillerm;15
107;Vincent, Guillaume;Jund;FR;B;Levy-Vincent-Guillerm;15
107;Guillerm, Benjamin;Whirza;FR;C;Levy-Vincent-Guillerm;15
108;Petrus, Thomas;Grixis Shadow;BE;A;Petrus-Sneijder-Migom;15
108;Sneijder, Stephen;Mardu Shadow;BE;B;Petrus-Sneijder-Migom;15
108;Migom, Willem;Taking Turns;BE;C;Petrus-Sneijder-Migom;15
109;Piscitelli, Eugenio;Amulet Titan;IT;A;Piscitelli-Franchi-Della Valle;15
109;Franchi, Urbano;TitanShift;IT;B;Piscitelli-Franchi-Della Valle;15
109;Della Valle, Pietro;Grixis Shadow;IT;C;Piscitelli-Franchi-Della Valle;15
110;Canonico, Davide;Jund;IT;A;Canonico-Amendola-De Luca;15
110;Amendola, Michele;TitanShift;IT;B;Canonico-Amendola-De Luca;15
110;De Luca, Daniele;Tron;IT;C;Canonico-Amendola-De Luca;15
111;Mahiat, Francois;Burn;BE;A;Mahiat-Stanus-Javaux;15
111;Stanus, Herve;Amulet Titan;BE;B;Mahiat-Stanus-Javaux;15
111;Javaux, Antoine;R/G Ponza;BE;C;Mahiat-Stanus-Javaux;15
112;Walker, Alice;Burn;XE;A;Walker-Twist-Mikolajczak;15
112;Twist, Lukas;Stoneforge Whirza;XE;B;Walker-Twist-Mikolajczak;15
112;Mikolajczak, Jan;Mono-Red Prowess;BE;C;Walker-Twist-Mikolajczak;15
113;Kruijer, Silvan;Burn;NL;A;Kruijer-Vervoort-Berghout;15
113;Vervoort, Max;Humans;NL;B;Kruijer-Vervoort-Berghout;15
113;Berghout, Jessy;Jund;NL;C;Kruijer-Vervoort-Berghout;15
114;Rajalin, Sandro;Goblins;SE;A;Rajalin-Hofverberg-Loven;15
114;Hofverberg, Andreas;Bant Infect;SE;B;Rajalin-Hofverberg-Loven;15
114;Loven, Axel;Burn;SE;C;Rajalin-Hofverberg-Loven;15
115;Graciet, Laurent;Bant Soulherder;FR;A;Graciet-Secher-Cloux;15
115;Secher, Guillaume;Jund;FR;B;Graciet-Secher-Cloux;15
115;Cloux, Francois;Tron;FR;C;Graciet-Secher-Cloux;15
116;Guilloit, Mathieu;U/W Stoneblade;FR;A;Guilloit-Cordette-Valentin;15
116;Cordette, Clody;Eldrazi Tron;FR;B;Guilloit-Cordette-Valentin;15
116;Valentin, Maxime;Whirza;FR;C;Guilloit-Cordette-Valentin;15
117;Winner, Fabian;Tron;DE;A;Winner-Rieke-Sunderbrink;15
117;Rieke, Konstantin;Grixis Shadow;DE;B;Winner-Rieke-Sunderbrink;15
117;Sunderbrink, Florian;TitanShift;DE;C;Winner-Rieke-Sunderbrink;15
118;Fischer, Michael;Merfolk;DE;A;Fischer-Langer-Schmittbuttner;15
118;Langer, Tim;Devoted Stoneforge Vizier;DE;B;Fischer-Langer-Schmittbuttner;15
118;Schmittbuttner, Markus;Burn;DE;C;Fischer-Langer-Schmittbuttner;15
119;Salerio, Thomas;R/G Eldrazi;FR;A;Salerio-Loizel-Reulet;15
119;Loizel, Adrien;Jeskai Stoneblade;FR;B;Salerio-Loizel-Reulet;15
119;Reulet, Alexandre;Infect;FR;C;Salerio-Loizel-Reulet;15
120;Rodrigues, Thiago;Whirza;FR;A;Rodrigues-Seck-Corney;15
120;Seck, Benjamin;Whirza;ES;B;Rodrigues-Seck-Corney;15
120;Corney, Andrew;Tron;XE;C;Rodrigues-Seck-Corney;15
121;Verstappen, Christophe;Hardened Scales;BE;A;Verstappen-Olbrechts-Pacolet;15
121;Olbrechts, Fran;Bant Stoneblade;BE;B;Verstappen-Olbrechts-Pacolet;15
121;Pacolet, Jeroen;Burn;BE;C;Verstappen-Olbrechts-Pacolet;15
122;Dippon, Andreas;Devoted Vizier;DE;A;Dippon-Dosch-Ulsenheimer;15
122;Dosch, Dominik;Cheerios;DE;B;Dippon-Dosch-Ulsenheimer;15
122;Ulsenheimer, Peter;Hardened Scales;DE;C;Dippon-Dosch-Ulsenheimer;15
123;Smith, Andrew;Burn;XE;A;Smith-Campbell-Martin;15
123;Campbell, Gary;Jund;XE;B;Smith-Campbell-Martin;15
123;Martin, David;Infect;XE;C;Smith-Campbell-Martin;15
124;Favier, Laurent;Pyro Prison;FR;A;Favier-Vanbockstael-Fortier;15
124;Vanbockstael, Theophile;U/W Stoneblade;FR;B;Favier-Vanbockstael-Fortier;15
124;Fortier, Quentin;Izzet Prowess;FR;C;Favier-Vanbockstael-Fortier;15
125;Prinz, Kristof;Hardened Scales;DE;A;Prinz-Grossmann-Luft;14
125;Grossmann, Pascal;Whirza;DE;B;Prinz-Grossmann-Luft;14
125;Luft, Benjamin;W/U Control;DE;C;Prinz-Grossmann-Luft;14
126;Fukkink, Bart;Amulet Titan;NL;A;Fukkink-Fukkink-Visser-Roskam;13
126;Fukkink-Visser, Annemarie;Chalice Affinity;NL;B;Fukkink-Fukkink-Visser-Roskam;13
126;Roskam, Wytze;Eldrazi Tron;NL;C;Fukkink-Fukkink-Visser-Roskam;13
127;Quievreux, Francois;Goblins;FR;A;Quievreux-Hannebique-Quievreux;13
127;Hannebique, Francois;Burn;FR;B;Quievreux-Hannebique-Quievreux;13
127;Quievreux, Antoine;Jund;FR;C;Quievreux-Hannebique-Quievreux;13
128;Valcke, Michiel;Saheeli combo;BE;A;Valcke-De Paepe-Verhaeghe;13
128;De Paepe, Emiel;Saheeli combo;BE;B;Valcke-De Paepe-Verhaeghe;13
128;Verhaeghe, Davy;Burn;BE;C;Valcke-De Paepe-Verhaeghe;13
129;Moretti, Luca;Jund;AT;A;Moretti-Schrenk-Bankhammer;13
129;Schrenk, Adrian Johann;Dredge;AT;B;Moretti-Schrenk-Bankhammer;13
129;Bankhammer, Dominik;Burn;AT;C;Moretti-Schrenk-Bankhammer;13
130;Weeda, Chris;Izzet Wizards;NL;A;Weeda-Lindeman-De Jonge;13
130;Lindeman, Lennart;Sultai CrabVine;NL;B;Weeda-Lindeman-De Jonge;13
130;De Jonge, Rob;Sultai CrabVine;NL;C;Weeda-Lindeman-De Jonge;13
131;Boudjema, Charly;Whirza;FR;A;Boudjema-Boucetta-Barreaud;13
131;Boucetta, Joackim;Burn;FR;B;Boudjema-Boucetta-Barreaud;13
131;Barreaud, Joffrey;Tron;FR;C;Boudjema-Boucetta-Barreaud;13
132;Fischer, Lasse;Burn;DE;A;Fischer-Marchel-Bremer;13
132;Marchel, Felix;U/W Stoneblade;DE;B;Fischer-Marchel-Bremer;13
132;Bremer, Florian;Humans;DE;C;Fischer-Marchel-Bremer;13
133;Tonkovic, Katarina Iva;Devoted Vizier;HR;A;Tonkovic-Jaman-Sandri;13
133;Jaman, Bruno;Traverse Shadow;HR;B;Tonkovic-Jaman-Sandri;13
133;Sandri, Christian;Burn;HR;C;Tonkovic-Jaman-Sandri;13
134;Rosen, Sascha;Tron;DE;A;Rosen-Tran-Wiechert;13
134;Tran, Nhat-Nam;Jund;DE;B;Rosen-Tran-Wiechert;13
134;Wiechert, Andreas;Amulet Titan;DE;C;Rosen-Tran-Wiechert;13
135;Hurlimann, Claude;Whirza;ZA;A;Hurlimann-Petkov-Ibrahimi;13
135;Petkov, Kaloyan;Dredge;ZA;B;Hurlimann-Petkov-Ibrahimi;13
135;Ibrahimi, Mostafa;Tron;AE;C;Hurlimann-Petkov-Ibrahimi;13
136;Held, Christian;Grixis Shadow;AT;A;Held-Moser-Puschnik;13
136;Moser, Christoph;Eldrazi Tron;AT;B;Held-Moser-Puschnik;13
136;Puschnik, Sebastian;U/W Stoneblade;AT;C;Held-Moser-Puschnik;13
137;Possegger, Matthias;Jund;AT;A;Possegger-Leitner-Mihalecz;13
137;Leitner, Thomas;W/U Control;AT;B;Possegger-Leitner-Mihalecz;13
137;Mihalecz, Karl;Big Naya Zoo;AT;C;Possegger-Leitner-Mihalecz;13
138;Williaume, Alexis;Grixis Shadow;FR;A;Williaume-Rio-Boulet;13
138;Rio, Diego;Zombies;FR;B;Williaume-Rio-Boulet;13
138;Boulet, Julien;W/U Control;FR;C;Williaume-Rio-Boulet;13
139;Biernaux, Christophe;Humans;BE;A;Biernaux-Goffart-Vitello;13
139;Goffart, Jonathan;Hardened Scales;BE;B;Biernaux-Goffart-Vitello;13
139;Vitello, Diego;TitanShift;BE;C;Biernaux-Goffart-Vitello;13
140;Manz, Daniel;Humans;DE;A;Manz-Platz-Jeths;13
140;Platz, Jens;Affinity;DE;B;Manz-Platz-Jeths;13
140;Jeths, Yannick;Whirza;DE;C;Manz-Platz-Jeths;13
141;Stettler, Thies;Tron;CH;A;Stettler-Moor-Dharmarajah;13
141;Moor, Maurice;Grixis Shadow;CH;B;Stettler-Moor-Dharmarajah;13
141;Dharmarajah, Alexander;Jund;CH;C;Stettler-Moor-Dharmarajah;13
142;Bonaventure, Jean-Baptiste;Eldrazi Tron;FR;A;Bonaventure-Meunier-Dias;13
142;Meunier, Thomas;Mardu Pyromancers;FR;B;Bonaventure-Meunier-Dias;13
142;Dias, Jorge;Grixis Shadow;FR;C;Bonaventure-Meunier-Dias;13
143;Brans, Kasper;W/U Control;BE;A;Brans-Van Deun-Biesmans;13
143;Van Deun, Luca;Jund;BE;B;Brans-Van Deun-Biesmans;13
143;Biesmans, Wouter;W/U Control;BE;C;Brans-Van Deun-Biesmans;13
144;Funkenhaus, Stephan;Tron;DE;A;Funkenhaus-Dreher-Loewen;13
144;Dreher, Nils;Burn;DE;B;Funkenhaus-Dreher-Loewen;13
144;Loewen, Christian;Restore Balance;DE;C;Funkenhaus-Dreher-Loewen;13
145;Giraud, Gael;Devoted Vizier;FR;A;Giraud-Crema-Hartmann;13
145;Crema, Lilian;Jund;FR;B;Giraud-Crema-Hartmann;13
145;Hartmann, Xavier;Eldrazi Tron;FR;C;Giraud-Crema-Hartmann;13
146;Gutierrez Cornelio, Alejandro;Mardu Shadow;DE;A;Gutierrez Cornelio-Muller-Huf;13
146;Muller, Alexander;Whirza;DE;B;Gutierrez Cornelio-Muller-Huf;13
146;Huf, Fabian;Eldrazi Tron;DE;C;Gutierrez Cornelio-Muller-Huf;13
147;Bode, Sjoerd;Jund;NL;A;Bode-Verhoeven-Lavrijssen;13
147;Verhoeven, Roelof;Whirza;NL;B;Bode-Verhoeven-Lavrijssen;13
147;Lavrijssen, Remon;TitanShift;NL;C;Bode-Verhoeven-Lavrijssen;13
148;Francavilla, Patrizio;Jund;IT;A;Francavilla-Boaretto-Gravina;13
148;Boaretto, Gianluca;TitanShift;IT;B;Francavilla-Boaretto-Gravina;13
148;Gravina, Giacomo;Whirza;IT;C;Francavilla-Boaretto-Gravina;13
149;Guillamon, Hector;Jund;NL;A;Guillamon-Bordenabe-Komanski;13
149;Bordenabe, Nicolas;Dredge;NL;B;Guillamon-Bordenabe-Komanski;13
149;Komanski, Nicolas;W/U Control;NL;C;Guillamon-Bordenabe-Komanski;13
150;Elvering, Niklas;Humans KnightFall;DE;A;Elvering-Bartels-Denter;13
150;Bartels, Nils;Grixis Shadow;DE;B;Elvering-Bartels-Denter;13
150;Denter, Matthias;Abzan Stoneblade;DE;C;Elvering-Bartels-Denter;13
151;Dubois, Edouard;Whirza;FR;A;Dubois-Sarfis-Lair;13
151;Sarfis, Gabriel;Burn;FR;B;Dubois-Sarfis-Lair;13
151;Lair, Frederic;Burn;FR;C;Dubois-Sarfis-Lair;13
152;Negrini, Sebastien;Bogles;FR;A;Negrini-Surgeon-Vache;13
152;Surgeon, Jerome;Tron;FR;B;Negrini-Surgeon-Vache;13
152;Vache, Timothy;Sultai CrabVine;FR;C;Negrini-Surgeon-Vache;13
153;Lebrun, Benoit;Hardened Scales;BE;A;Lebrun-Degrave-Delvigne;13
153;Degrave, Clement;SnowShift;BE;B;Lebrun-Degrave-Delvigne;13
153;Delvigne, Emmanuel;Whirza;BE;C;Lebrun-Degrave-Delvigne;13
154;Van Den Berg, Timon;Izzet Rhinos;NL;A;Van Den Berg-Timmermans-Van Der Galien;13
154;Timmermans, Hedzer;Mardu Shadow;NL;B;Van Den Berg-Timmermans-Van Der Galien;13
154;Van Der Galien, Germen;Affinity;NL;C;Van Den Berg-Timmermans-Van Der Galien;13
155;Jacoby, David;Tron;DE;A;Jacoby-Endle-Calabrese;13
155;Endle, Heiko;Hardened Scales;DE;B;Jacoby-Endle-Calabrese;13
155;Calabrese, Umile;Jund;DE;C;Jacoby-Endle-Calabrese;13
156;Weissling, Christian;Whirza;DE;A;Weissling-Berg-Vey;12
156;Berg, Matthias;Eldrazi Tron;DE;B;Weissling-Berg-Vey;12
156;Vey, Alexander;Izzet Phoenix;DE;C;Weissling-Berg-Vey;12
157;Raalte, Sereno;Unreal Mirror Entity;NL;A;Raalte-Estrada De Wagt-Kouffeld;12
157;Estrada De Wagt, Ivan;Burn;NL;B;Raalte-Estrada De Wagt-Kouffeld;12
157;Kouffeld, Michael;Affinity;NL;C;Raalte-Estrada De Wagt-Kouffeld;12
158;Cravo, Daniel;The Rock;FR;A;Cravo-Pedron-Boucherie;12
158;Pedron, Tom;Eldrazi Tron;FR;B;Cravo-Pedron-Boucherie;12
158;Boucherie, Charles;Mono-Red Prowess;FR;C;Cravo-Pedron-Boucherie;12
159;Coll, Gerard;Ad Nauseam;ES;A;Coll-Cordobes-Canovas;12
159;Cordobes, Albert;Grixis Shadow;ES;B;Coll-Cordobes-Canovas;12
159;Canovas, Andreu;Tron;ES;C;Coll-Cordobes-Canovas;12
160;Vooys, Kurt;Stoneforge Whirza;NL;A;Vooys-Van Der Vaart-Groot;12
160;Van Der Vaart, Martijn;Devoted Vizier;NL;B;Vooys-Van Der Vaart-Groot;12
160;Groot, Wessel;Amulet Titan;NL;C;Vooys-Van Der Vaart-Groot;12
161;Lefebvre, Adrien;U/W Stoneblade;FR;A;Lefebvre-Melin-Vicaire;12
161;Melin, Pierre;Mardu Shadow;FR;B;Lefebvre-Melin-Vicaire;12
161;Vicaire, Sebastien;W/U Control;FR;C;Lefebvre-Melin-Vicaire;12
162;Loffredo, Luca;Shadow Zoo;IT;A;Loffredo-Ammirata-Cappiello;12
162;Ammirata, Antonino;Traverse Shadow;IT;B;Loffredo-Ammirata-Cappiello;12
162;Cappiello, Davide;Humans;IT;C;Loffredo-Ammirata-Cappiello;12
163;Tiersma, Pieter Jan;Burn;NL;A;Tiersma-Zee-Kanters;12
163;Zee, Carl;Devoted Vizier;NL;B;Tiersma-Zee-Kanters;12
163;Kanters, Eric;Tron;NL;C;Tiersma-Zee-Kanters;12
164;Langlotz, Thomas;Tron;DE;A;Langlotz-Gross-Mundel;12
164;Gross, Moritz;U/W Stoneblade;DE;B;Langlotz-Gross-Mundel;12
164;Mundel, Robert;Burn;DE;C;Langlotz-Gross-Mundel;12
165;Verdoodt, Philip;Hardened Scales;BE;A;Verdoodt-Mattens-Ceusters;12
165;Mattens, Micky;Tron;BE;B;Verdoodt-Mattens-Ceusters;12
165;Ceusters, Jan;Burn;BE;C;Verdoodt-Mattens-Ceusters;12
166;Dekneudt, Mathieu;Tron;FR;A;Dekneudt-Quesque-Cuvelier;12
166;Quesque, Francois;Affinity;FR;B;Dekneudt-Quesque-Cuvelier;12
166;Cuvelier, Jeremy;Jund;FR;C;Dekneudt-Quesque-Cuvelier;12
167;Boulinguiez, Dylan;Eldrazi Tron;FR;A;Boulinguiez-Boulinguiez-Heurtier;12
167;Boulinguiez, Mike;TitanShift;FR;B;Boulinguiez-Boulinguiez-Heurtier;12
167;Heurtier, Geoffroy;Esper Control;FR;C;Boulinguiez-Boulinguiez-Heurtier;12
168;Lamarque, Harmonie;Eldrazi Tron;BE;A;Lamarque-Guillaumin-Libert;12
168;Guillaumin, Theo;Jund;FR;B;Lamarque-Guillaumin-Libert;12
168;Libert, Julien;TitanShift;BE;C;Lamarque-Guillaumin-Libert;12
169;Gerber, Matthias;Burn;DE;A;Gerber-Luckhaupt-Lambrich;12
169;Luckhaupt, Lars;Burn;DE;B;Gerber-Luckhaupt-Lambrich;12
169;Lambrich, Benjamin;Burn;DE;C;Gerber-Luckhaupt-Lambrich;12
170;Jensen, Frederik;TitanShift;DK;A;Jensen-Moon-Prehn;12
170;Moon, Oliver;Tron;DK;B;Jensen-Moon-Prehn;12
170;Prehn, Jon;Esper Control;DK;C;Jensen-Moon-Prehn;12
171;Timm, Kristoffer;Burn;DE;A;Timm-Schunemann-Bell;12
171;Schunemann, Timo;Storm;DE;B;Timm-Schunemann-Bell;12
171;Bell, Stefan;Mono-Red Prowess;DE;C;Timm-Schunemann-Bell;12
172;Walzer, Friedemann;Burn;DE;A;Walzer-Spielvogel-Weber;12
172;Spielvogel, Christian;Eldrazi Tron;DE;B;Walzer-Spielvogel-Weber;12
172;Weber, Christian;Burn;DE;C;Walzer-Spielvogel-Weber;12
173;Grill, Jean-Bastien;Eldrazi Tron;FR;A;Grill-Du Saillant-Goudarzi;12
173;Du Saillant, Pierrot;Hardened Scales;FR;B;Grill-Du Saillant-Goudarzi;12
173;Goudarzi, Dahmun;Jund;FR;C;Grill-Du Saillant-Goudarzi;12
174;Nikov, Kaloyan;Mono-Red Prowess;NL;A;Nikov-Godfried-Kooijmans;12
174;Godfried, Yoeri;Infect;NL;B;Nikov-Godfried-Kooijmans;12
174;Kooijmans, Freek;W/U Control;NL;C;Nikov-Godfried-Kooijmans;12
175;Huisman, Peter;Tron;NL;A;Huisman-Lenglet-De Zeeuw;12
175;Lenglet, Joep;Burn;NL;B;Huisman-Lenglet-De Zeeuw;12
175;De Zeeuw, Donald;TitanShift;NL;C;Huisman-Lenglet-De Zeeuw;12
176;Dang, Martin;U/W Stoneblade;DK;A;Dang-Bonde-Christensen;12
176;Bonde, Michael;Whirza;DK;B;Dang-Bonde-Christensen;12
176;Christensen, Oscar;G/W Eldrazi;DK;C;Dang-Bonde-Christensen;12
177;Gkazempas, Theodosios;Bant Spirits;GR;A;Gkazempas-Vavalos-Charitidis;12
177;Vavalos, Paschalis;Abzan Company;GR;B;Gkazempas-Vavalos-Charitidis;12
177;Charitidis, Lefteris;Tron;GR;C;Gkazempas-Vavalos-Charitidis;12
178;Leizour, Cedric;Tron;FR;A;Leizour-Penard-Debesson;12
178;Penard, Adrien;Whirza;FR;B;Leizour-Penard-Debesson;12
178;Debesson, Quentin;Amulet Titan;FR;C;Leizour-Penard-Debesson;12
179;Partinen, Simo;R/G Ponza;FI;A;Partinen-Lepisto-Lepisto;12
179;Lepisto, Lauri;Burn;FI;B;Partinen-Lepisto-Lepisto;12
179;Lepisto, Martti;Burn;FI;C;Partinen-Lepisto-Lepisto;12
180;Frantz, Max;Humans;LU;A;Frantz-Nicolay-Bous;12
180;Nicolay, Ben;Storm;AT;B;Frantz-Nicolay-Bous;12
180;Bous, Jerome;U/B Mill;LU;C;Frantz-Nicolay-Bous;12
181;Dinu, Gabriel;TitanShift;BE;A;Dinu-Bastogne-Darras;12
181;Bastogne, Jerome;Twiddle Storm;BE;B;Dinu-Bastogne-Darras;12
181;Darras, Alexandre;Whirza;BE;C;Dinu-Bastogne-Darras;12
182;Van Benthem, Danny;Burn;NL;A;Van Benthem-Kruijthoff-Hoogstraten;12
182;Kruijthoff, Niels;Abzan Stoneblade;NL;B;Van Benthem-Kruijthoff-Hoogstraten;12
182;Hoogstraten, Mark;Jeskai Stoneblade;NL;C;Van Benthem-Kruijthoff-Hoogstraten;12
183;Eschenbach, Fabian;Tron;DE;A;Eschenbach-Wolf-Englert;12
183;Wolf, Matthias;Eldrazi Tron;DE;B;Eschenbach-Wolf-Englert;12
183;Englert, Philipp;W/U Spirits;DE;C;Eschenbach-Wolf-Englert;12
184;Van Til, Henk;Merfolk;NL;A;Van Til-Vrijhof-Vermeij;12
184;Vrijhof, Jan;Burn;NL;B;Van Til-Vrijhof-Vermeij;12
184;Vermeij, Michael;Tron;NL;C;Van Til-Vrijhof-Vermeij;12
185;Knight, Riley;TitanShift;XE;A;Knight-Severin-Kauf;12
185;Severin, Thoralf;Tron;DE;B;Knight-Severin-Kauf;12
185;Kauf, Jamin;Paradoxical Urza;DE;C;Knight-Severin-Kauf;12
186;Leuzzi, Fabrizio;Dredge;IT;A;Leuzzi-Ranieri-Ramaccia;12
186;Ranieri, Giorgio;Humans;IT;B;Leuzzi-Ranieri-Ramaccia;12
186;Ramaccia, Gianluca;U/W Stoneblade;IT;C;Leuzzi-Ranieri-Ramaccia;12
187;Cornehl, Philip;Eldrazi Tron;DE;A;Cornehl-Kukowski-Engelsdorfer;12
187;Kukowski, Paul;Bant Stoneblade;DE;B;Cornehl-Kukowski-Engelsdorfer;12
187;Engelsdorfer, Fabian;Grixis Shadow;DE;C;Cornehl-Kukowski-Engelsdorfer;12
188;Kloosterman, Joey;Tron with Factory;NL;A;Kloosterman-Gannaway-Palmer;12
188;Gannaway, John;Tron;NL;B;Kloosterman-Gannaway-Palmer;12
188;Palmer, Jasmine;Devoted Vizier;NL;C;Kloosterman-Gannaway-Palmer;12
189;Rautio, Matti;Jund;FI;A;Rautio-Rahikkala-Aho;12
189;Rahikkala, Joni;Burn;FI;B;Rautio-Rahikkala-Aho;12
189;Aho, Juhani;W/U Control;FI;C;Rautio-Rahikkala-Aho;12
190;Cano, Clifton;Burn;LU;A;Cano-Jonas-Pautsch;12
190;Jonas, Jeff;Grixis Shadow;LU;B;Cano-Jonas-Pautsch;12
190;Pautsch, Misch;Tron;LU;C;Cano-Jonas-Pautsch;12
191;Verburg, Joost;Goblins;NL;A;Verburg-Notting-Bergers;12
191;Notting, Wander;Tron;NL;B;Verburg-Notting-Bergers;12
191;Bergers, Selene;Infect;NL;C;Verburg-Notting-Bergers;12
192;Peltier, Charles;Bogles;BE;A;Peltier-Dubois-Puissant;12
192;Dubois, Thomas;Amulet Titan;BE;B;Peltier-Dubois-Puissant;12
192;Puissant, Benjamin;Grixis Shadow;BE;C;Peltier-Dubois-Puissant;12
193;Oswald, Marc;Whirza;DE;A;Oswald-Geiger-Konzelmann;12
193;Geiger, Frederic;U/W Stoneblade;DE;B;Oswald-Geiger-Konzelmann;12
193;Konzelmann, Lukas;Burn;DE;C;Oswald-Geiger-Konzelmann;12
194;Hazard, Sylvain;Amulet Titan;FR;A;Hazard-Rouar-Ridoux;12
194;Rouar, Julien;Jund;FR;B;Hazard-Rouar-Ridoux;12
194;Ridoux, Paul;Tron;FR;C;Hazard-Rouar-Ridoux;12
195;Oria, Antoine;Dredge;BE;A;Oria-Lhomme-Longree;12
195;Lhomme, Steeve;Mono-Red Prowess;BE;B;Oria-Lhomme-Longree;12
195;Longree, Benjamin;Burn;BE;C;Oria-Lhomme-Longree;12
196;Riegler, Moritz;Amulet Titan;DE;A;Riegler-Behrens-Wiesbeck;12
196;Behrens, Kai;Mardu Shadow;DE;B;Riegler-Behrens-Wiesbeck;12
196;Wiesbeck, Maximilian;Dredge;DE;C;Riegler-Behrens-Wiesbeck;12
197;Rutar, Andrej;Jund;SK;A;Rutar-Kvas-Petrovic;12
197;Kvas, Bojan;Jund;SK;B;Rutar-Kvas-Petrovic;12
197;Petrovic, Rene;Whirza;SK;C;Rutar-Kvas-Petrovic;12
198;Tuma, Jiri;Whirza;CZ;A;Tuma-Kral-Leopold;12
198;Kral, Martin;TitanShift;CZ;B;Tuma-Kral-Leopold;12
198;Leopold, Jan;Burn;CZ;C;Tuma-Kral-Leopold;12
199;De Comite, Antoine;Burn;BE;A;De Comite-Houssiau-Aubry;12
199;Houssiau, Florimond;W/B Eldrazi;BE;B;De Comite-Houssiau-Aubry;12
199;Aubry, Francois;Tron;BE;C;De Comite-Houssiau-Aubry;12
200;Burge, David;W/U Control;CH;A;Burge-Rothen-Lunn;12
200;Rothen, Christian;B/G Eldrazi;CH;B;Burge-Rothen-Lunn;12
200;Lunn, Jake;TitanShift;CH;C;Burge-Rothen-Lunn;12
201;Monange, Frederic;Eldrazi Tron;FR;A;Monange-Archer-Foret;12
201;Archer, Julien;Jeskai Stoneblade;FR;B;Monange-Archer-Foret;12
201;Foret, Laurent;R/G Ponza;FR;C;Monange-Archer-Foret;12
202;Smits, Malte;TitanBreach;DE;A;Smits-Seegelken-Kemmer;12
202;Seegelken, Timo;W/U Control;DE;B;Smits-Seegelken-Kemmer;12
202;Kemmer, Jana;Storm;DE;C;Smits-Seegelken-Kemmer;12
203;Morreeuw, Aaron;Humans;BE;A;Morreeuw-Vantomme-Espeel;12
203;Vantomme, Trygve;Ad Nauseam;BE;B;Morreeuw-Vantomme-Espeel;12
203;Espeel, Stephan;Devoted Vizier;BE;C;Morreeuw-Vantomme-Espeel;12
204;Krall, Stefan;Burn;DE;A;Krall-Obels-Classen;12
204;Obels, Andreas;R/G Eldrazi;DE;B;Krall-Obels-Classen;12
204;Classen, Pascal;Eldrazi Tron;DE;C;Krall-Obels-Classen;12
205;Spapens, Oliver;U/W Control;NL;A;Spapens-Nijveld-Skeparnides;12
205;Nijveld, Alwart;Dredge;NL;B;Spapens-Nijveld-Skeparnides;12
205;Skeparnides, George;Jund;CY;C;Spapens-Nijveld-Skeparnides;12
206;Chapelhow, Teddy;Eldrazi Tron;XE;A;Chapelhow-Mcgurty-Chapelhow;12
206;Mcgurty, Joe;Tron;XE;B;Chapelhow-Mcgurty-Chapelhow;12
206;Chapelhow, James;Humans;XE;C;Chapelhow-Mcgurty-Chapelhow;12
207;Garrido Nunez, Juan Jose;Mono-Red Prowess;ES;A;Garrido Nunez-Arroyo Moreno-Murciano Escudero;12
207;Arroyo Moreno, Xavier;Mono-Red Prowess;ES;B;Garrido Nunez-Arroyo Moreno-Murciano Escudero;12
207;Murciano Escudero, Jofre;Burn;ES;C;Garrido Nunez-Arroyo Moreno-Murciano Escudero;12
208;Quertainmont, Emery;Burn;BE;A;Quertainmont-Perpete-Vanrossomme;12
208;Perpete, Fabrice;Jund;BE;B;Quertainmont-Perpete-Vanrossomme;12
208;Vanrossomme, Axel;Eldrazi Tron;BE;C;Quertainmont-Perpete-Vanrossomme;12
209;Eckert, Christian;Burn;DE;A;Eckert-Umhofer-Pfister;12
209;Umhofer, Michael;Whirza;DE;B;Eckert-Umhofer-Pfister;12
209;Pfister, Thomas;Burn;DE;C;Eckert-Umhofer-Pfister;12
210;Gehrts, Bruno;U/B Mill;DE;A;Gehrts-Mohr-Bepperling;12
210;Mohr, Gerrit;Burn;DE;B;Gehrts-Mohr-Bepperling;12
210;Bepperling, Timon;W/U Spirits;DE;C;Gehrts-Mohr-Bepperling;12
211;Fischer, Juliane;Eldrazi Tron;DE;A;Fischer-Schnell-Gulgec;12
211;Schnell, Philipp;Humans;DE;B;Fischer-Schnell-Gulgec;12
211;Gulgec, Berk;Affinity;DE;C;Fischer-Schnell-Gulgec;12
212;Randour, Pascal;Eldrazi Tron;FR;A;Randour-Lesaffre-Glorian;12
212;Lesaffre, James;Burn;FR;B;Randour-Lesaffre-Glorian;12
212;Glorian, Alexandre;TitanShift;FR;C;Randour-Lesaffre-Glorian;12
213;Del Barba, Dome;Whirza;BE;A;Del Barba-Zinque-Brocsko;11
213;Zinque, Michel;Jund;BE;B;Del Barba-Zinque-Brocsko;11
213;Brocsko, Arthur;Grixis Shadow;BE;C;Del Barba-Zinque-Brocsko;11
214;Kubica, Mathieu;U/W Stoneblade;FR;A;Kubica-Martin-Rigaux;11
214;Martin, Eric;Hardened Scales;FR;B;Kubica-Martin-Rigaux;11
214;Rigaux, Davy;Living End;FR;C;Kubica-Martin-Rigaux;11
215;De Decker, Tom;Esper Stoneblade;BE;A;De Decker-Descamps-Van Wortswinkel;10
215;Descamps, Benjamin;Burn;BE;B;De Decker-Descamps-Van Wortswinkel;10
215;Van Wortswinkel, Steven;Burn;BE;C;De Decker-Descamps-Van Wortswinkel;10
216;Fava, Stefano;Eldrazi Tron;IT;A;Fava-Cirelli-Casati;10
216;Cirelli, Marco;Mardu Shadow;IT;B;Fava-Cirelli-Casati;10
216;Casati, Dario;Merfolk;IT;C;Fava-Cirelli-Casati;10
217;Tetteroo, Bas;Humans;NL;A;Tetteroo-Van Der End-Van Der End;10
217;Van Der End, Martijn;Burn;NL;B;Tetteroo-Van Der End-Van Der End;10
217;Van Der End, Sander;Grixis Shadow;NL;C;Tetteroo-Van Der End-Van Der End;10
218;Erdreich, Julien;Burn;BE;A;Erdreich-Naessens-Teppa;10
218;Naessens, Steven;Tron;BE;B;Erdreich-Naessens-Teppa;10
218;Teppa, Michaele;Whirza;BE;C;Erdreich-Naessens-Teppa;10
219;Glover, Laurie;Tron;XE;A;Glover-Harris-Hall;10
219;Harris, David;Bant Soulherder;XE;B;Glover-Harris-Hall;10
219;Hall, Timothy;Tooth and Nail;XE;C;Glover-Harris-Hall;10
220;Lejeune, Olivier;Jeskai Stoneblade;FR;A;Lejeune-Bigorne-Launay;10
220;Bigorne, Aurelien;Eldrazi Tron;FR;B;Lejeune-Bigorne-Launay;10
220;Launay, Remy;Humans;FR;C;Lejeune-Bigorne-Launay;10
221;Wilbrink, Rick;Whirza;NL;A;Wilbrink-Bonthuis-Jorissen;10
221;Bonthuis, Peter;Affinity;NL;B;Wilbrink-Bonthuis-Jorissen;10
221;Jorissen, Daan;Elves;NL;C;Wilbrink-Bonthuis-Jorissen;10
222;Beistaras, Dominykas;Tron;LT;A;Beistaras-Lukosevicius-Zvirblis;10
222;Lukosevicius, Marijus Jonas;Eldrazi Tron;LT;B;Beistaras-Lukosevicius-Zvirblis;10
222;Zvirblis, Rokas;Tron;LT;C;Beistaras-Lukosevicius-Zvirblis;10
223;Le Blanc, Maarten;U/B Mill;NL;A;Le Blanc-Antonisse-Van De Corput;10
223;Antonisse, Nick;StoneSnow Saheeli;NL;B;Le Blanc-Antonisse-Van De Corput;10
223;Van De Corput, Dennis;W/B Stoneblade;NL;C;Le Blanc-Antonisse-Van De Corput;10
224;Lopes, Joao;U/W Stoneblade;PT;A;Lopes-Pereira-Alves;10
224;Pereira, Pedro;Unknown;PT;B;Lopes-Pereira-Alves;10
224;Alves, Bernardo;Whirza;PT;C;Lopes-Pereira-Alves;10
225;Hogenhout, Floor;Tribal Zoo;NL;A;Hogenhout-Brouwer-Wilk;10
225;Brouwer, Kevin;Tribal Zoo;NL;B;Hogenhout-Brouwer-Wilk;10
225;Wilk, Vincent;U/B Control;NL;C;Hogenhout-Brouwer-Wilk;10
226;Grenehed, Joel;Tron;SE;A;Grenehed-Granstrom-Hagglund;10
226;Granstrom, Donald;Mono-Red Prowess;SE;B;Grenehed-Granstrom-Hagglund;10
226;Hagglund, Fredrik;Dredge;SE;C;Grenehed-Granstrom-Hagglund;10
227;Suppan, Benedikt;Bant Soulherder;AT;A;Suppan-Siever-Kubes;10
227;Siever, Jan;Burn;AT;B;Suppan-Siever-Kubes;10
227;Kubes, Stefan;U/W Stoneblade;AT;C;Suppan-Siever-Kubes;10
228;Buchegger, Philip;Tron;CH;A;Buchegger-Teknik-Maffeo;10
228;Teknik, Celine;Jeskai Stoneblade;CH;B;Buchegger-Teknik-Maffeo;10
228;Maffeo, Andrea Davide;Burn;CH;C;Buchegger-Teknik-Maffeo;10
229;Bittner, Paul;Mono-Red Prowess;FR;A;Bittner-Puleo-Bittner;10
229;Puleo, Raphael;Burn;FR;B;Bittner-Puleo-Bittner;10
229;Bittner, Jacques;Burn;FR;C;Bittner-Puleo-Bittner;10
230;Nevanlinna, Kosti;Skred Red;FI;A;Nevanlinna-Viik-Laugamots;10
230;Viik, Allan;Rhino-Balance;EE;B;Nevanlinna-Viik-Laugamots;10
230;Laugamots, Jaan;Tron;EE;C;Nevanlinna-Viik-Laugamots;10
231;Plettinckx, Kenneth;Infect;BE;A;Plettinckx-Dielen-Van Riel;10
231;Dielen, Glenn;Devoted Vizier;BE;B;Plettinckx-Dielen-Van Riel;10
231;Van Riel, Alexander;Grixis Shadow;BE;C;Plettinckx-Dielen-Van Riel;10
232;Arndt, Joshua;Taking Turns;DE;A;Arndt-Drossler-Callister;10
232;Drossler, Hendrik;U/W Stoneblade;DE;B;Arndt-Drossler-Callister;10
232;Callister, Donnie;U/W Control;DE;C;Arndt-Drossler-Callister;10
233;Krzyzaniak, Marcin;Bant Soulherder;BE;A;Krzyzaniak-Szmyd-Zygarlowski;10
233;Szmyd, Jedrek;Esper Control;BE;B;Krzyzaniak-Szmyd-Zygarlowski;10
233;Zygarlowski, Witold;Burn;BE;C;Krzyzaniak-Szmyd-Zygarlowski;10
234;Buijteweg, Cees;Pyro Prison;NL;A;Buijteweg-Homsma-Le Blansch;10
234;Homsma, Kim;Bant Soulherder;NL;B;Buijteweg-Homsma-Le Blansch;10
234;Le Blansch, Thijs;Tron;NL;C;Buijteweg-Homsma-Le Blansch;10
235;Cointe, Antoine;TitanShift;FR;A;Cointe-Hocquemiller-Guichard;10
235;Hocquemiller, Vincent;TitanShift;FR;B;Cointe-Hocquemiller-Guichard;10
235;Guichard, Louis;Eldrazi Tron;FR;C;Cointe-Hocquemiller-Guichard;10
236;Gomez Forcada, Albert;Jeskai Stoneblade;ES;A;Gomez Forcada-Torne Serra-Capdevila Saus;10
236;Torne Serra, Enric;Eldrazi Tron;ES;B;Gomez Forcada-Torne Serra-Capdevila Saus;10
236;Capdevila Saus, Guillem;White Eldrazi;ES;C;Gomez Forcada-Torne Serra-Capdevila Saus;10
237;Verkooren, Renzo;Whirza;BE;A;Verkooren-Belmans-Claeys;10
237;Belmans, Ben;Humans;BE;B;Verkooren-Belmans-Claeys;10
237;Claeys, Sam;U/W Stoneblade;BE;C;Verkooren-Belmans-Claeys;10
238;Verelst, Jamie;Jeskai Stoneblade;BE;A;Verelst-Van Holsbeeck-Van Beeumen;10
238;Van Holsbeeck, Kristof;Burn;BE;B;Verelst-Van Holsbeeck-Van Beeumen;10
238;Van Beeumen, Jonathan;Tron;BE;C;Verelst-Van Holsbeeck-Van Beeumen;10
239;Lesieur, Raphael;Jund;FR;A;Lesieur-Chansin-Dobraje;10
239;Chansin, Kenny;Pyro Prison;FR;B;Lesieur-Chansin-Dobraje;10
239;Dobraje, Enzo;W/U Spirits;FR;C;Lesieur-Chansin-Dobraje;10
240;Basmatzidis, Vasilis;Grixis Shadow;GR;A;Basmatzidis-Ammari-Kiosses;9
240;Ammari, Marios;Jund;GR;B;Basmatzidis-Ammari-Kiosses;9
240;Kiosses, Giannis;Burn;GR;C;Basmatzidis-Ammari-Kiosses;9
241;Bresser, Nick;Jund;NL;A;Bresser-Van Herwaarden-Serraarens;9
241;Van Herwaarden, Sander;Stoneforge Whirza;NL;B;Bresser-Van Herwaarden-Serraarens;9
241;Serraarens, Terrence;Jeskai Stoneblade;NL;C;Bresser-Van Herwaarden-Serraarens;9
242;De Man, Ronald;W/R Prison;NL;A;De Man-Rietveld-Kooter;9
242;Rietveld, Vincent;TitanBreach;NL;B;De Man-Rietveld-Kooter;9
242;Kooter, Toine;Jund;NL;C;De Man-Rietveld-Kooter;9
243;Verstraten, Teun;Jund;NL;A;Verstraten-Van Der Meer-Van Rooij;9
243;Van Der Meer, Thijs;Jeskai Stoneblade;NL;B;Verstraten-Van Der Meer-Van Rooij;9
243;Van Rooij, Jan;Grixis Shadow;NL;C;Verstraten-Van Der Meer-Van Rooij;9
244;Schmidt, Antoine;W/U Control;FR;A;Schmidt-Mathieu-Defaye;9
244;Mathieu, Heimling;Burn;FR;B;Schmidt-Mathieu-Defaye;9
244;Defaye, Antoine;Izzet Rhinos;FR;C;Schmidt-Mathieu-Defaye;9
245;Leber, Denis;Humans;DE;A;Leber-Porten-Koch;9
245;Porten, Andreas;Burn;DE;B;Leber-Porten-Koch;9
245;Koch, Rene;Eldrazi Tron;DE;C;Leber-Porten-Koch;9
246;Schwellenbach, Stefan;Tron;DE;A;Schwellenbach-Kraft-Jacobs;9
246;Kraft, Ingo;Burn;DE;B;Schwellenbach-Kraft-Jacobs;9
246;Jacobs, Stefan;Sky Hussar Wizard Faeries;DE;C;Schwellenbach-Kraft-Jacobs;9
247;Mauguin, Matthieu;Tron;CH;A;Mauguin-Rossire-Bornoz;9
247;Rossire, Patrick;Dredge;CH;B;Mauguin-Rossire-Bornoz;9
247;Bornoz, Tristan;Traverse Shadow;CH;C;Mauguin-Rossire-Bornoz;9
248;Metzger, Andre;Izzet Control;DE;A;Metzger-Deckert-Wiesen;9
248;Deckert, Michael;Devoted Stoneforge Vizier;DE;B;Metzger-Deckert-Wiesen;9
248;Wiesen, Ardijan;Devoted Stoneforge Vizier;DE;C;Metzger-Deckert-Wiesen;9
249;Fortunati, Andrea;Whirza;IT;A;Fortunati-Alvarez-Jimenez;9
249;Alvarez, Adrian;Whirza;ES;B;Fortunati-Alvarez-Jimenez;9
249;Jimenez, Javier;Burn;ES;C;Fortunati-Alvarez-Jimenez;9
250;Dilmi, Julian;U/W Control;CH;A;Dilmi-Lutzelschwab-Mazzola;9
250;Lutzelschwab, Pierre;W/U Control;CH;B;Dilmi-Lutzelschwab-Mazzola;9
250;Mazzola, Dario;Humans;CH;C;Dilmi-Lutzelschwab-Mazzola;9
251;Gonzalez, Daniel;Eldrazi Tron;ES;A;Gonzalez-Romero-Neyra;9
251;Romero, Alberto;Tron;ES;B;Gonzalez-Romero-Neyra;9
251;Neyra, Marlon;Jund;ES;C;Gonzalez-Romero-Neyra;9
252;Tollenaar, Xandor;Jund;NL;A;Tollenaar-Gouw-Van Gelderen;9
252;Gouw, Esther;Eldrazi & Taxes;NL;B;Tollenaar-Gouw-Van Gelderen;9
252;Van Gelderen, Daniel;Whirza;NL;C;Tollenaar-Gouw-Van Gelderen;9
253;Ouchtati, Mohamed Amin;Eldrazi Tron;DE;A;Ouchtati-Kolsch-Tolle;9
253;Kolsch, Joscha;Amulet Titan;DE;B;Ouchtati-Kolsch-Tolle;9
253;Tolle, Matthias;W/U Control;DE;C;Ouchtati-Kolsch-Tolle;9
254;Marti, Bernat;Niv-Mizzet Reborn;ES;A;Marti-Gutierrez-Aris;9
254;Gutierrez, Nils;Phoenixless Izzet Phoenix;ES;B;Marti-Gutierrez-Aris;9
254;Aris, Arnau;Humans;ES;C;Marti-Gutierrez-Aris;9
255;Boll, Nico;W/U Control;DE;A;Boll-Wachtberger-Hartmann;9
255;Wachtberger, Max;Merfolk;DE;B;Boll-Wachtberger-Hartmann;9
255;Hartmann, Charly;Humans;DE;C;Boll-Wachtberger-Hartmann;9
256;Addie, Ruben;Jeskai Stoneblade;NL;A;Addie-Bleekemolen-Den Otter;9
256;Bleekemolen, Stijn;TitanShift;NL;B;Addie-Bleekemolen-Den Otter;9
256;Den Otter, Johan;Whirza;NL;C;Addie-Bleekemolen-Den Otter;9
257;Hubertus, David;Whirza;DE;A;Hubertus-Grewers-Kirschbaum;9
257;Grewers, Gregor;TitanShift;DE;B;Hubertus-Grewers-Kirschbaum;9
257;Kirschbaum, Emil;Dredge;DE;C;Hubertus-Grewers-Kirschbaum;9
258;Pellejero, Alejandro;Esper Control;ES;A;Pellejero-Garcia-Rojo-Gimenez;9
258;Garcia-Rojo, Joaquin;Grixis Shadow;ES;B;Pellejero-Garcia-Rojo-Gimenez;9
258;Gimenez, Gerardo;Tron;ES;C;Pellejero-Garcia-Rojo-Gimenez;9
259;Gheyle, Stijn;Burn;BE;A;Gheyle-Peeters-Vandepitte;9
259;Peeters, Stijn;Goblins;BE;B;Gheyle-Peeters-Vandepitte;9
259;Vandepitte, Benny;Goryo's Breach;BE;C;Gheyle-Peeters-Vandepitte;9
260;Requena Perez, Jose Salvador;Grixis Shadow;ES;A;Requena Perez-Ballester Garcia-Noguez;9
260;Ballester Garcia, Carlos;Grixis Shadow;ES;B;Requena Perez-Ballester Garcia-Noguez;9
260;Noguez, Jason;Jund;ES;C;Requena Perez-Ballester Garcia-Noguez;9
261;Henrichmann, David;W/B Stoneblade;BE;A;Henrichmann-Wang-Hervelle;9
261;Wang, Yichen;Bogles;BE;B;Henrichmann-Wang-Hervelle;9
261;Hervelle, David;Merfolk;BE;C;Henrichmann-Wang-Hervelle;9
262;Vandenberghe, Kjell;Burn;BE;A;Vandenberghe-Gantois-Vanraepenbusch;9
262;Gantois, Laurens;Merfolk;BE;B;Vandenberghe-Gantois-Vanraepenbusch;9
262;Vanraepenbusch, Rien;Green Devotion;BE;C;Vandenberghe-Gantois-Vanraepenbusch;9
263;Moreira, Joao;U/W Stoneblade;PT;A;Moreira-Azevedo-Amaro;9
263;Azevedo, Jaime;Burn;PT;B;Moreira-Azevedo-Amaro;9
263;Amaro, Joao;Jund;PT;C;Moreira-Azevedo-Amaro;9
264;Rashkov, Nikola;U/W Stoneblade;BE;A;Rashkov-Karaleev-Ivanov;9
264;Karaleev, Alexander;Dredge;BE;B;Rashkov-Karaleev-Ivanov;9
264;Ivanov, Hristiyan;Whirza;BE;C;Rashkov-Karaleev-Ivanov;9
265;Van Der Krieken, Robin;W/U Spirits;NL;A;Van Der Krieken-Neleman-Schipstra;9
265;Neleman, Yannick;Dredge;NL;B;Van Der Krieken-Neleman-Schipstra;9
265;Schipstra, Arjan;Burn;NL;C;Van Der Krieken-Neleman-Schipstra;9
266;Bua, Quentin;U/W Stoneblade;FR;A;Bua-Pulin-Saboureau;9
266;Pulin, Romuald;Mardu Shadow;FR;B;Bua-Pulin-Saboureau;9
266;Saboureau, Jeremy;U/W Stoneblade;FR;C;Bua-Pulin-Saboureau;9
267;Balder, David;Infect;NL;A;Balder-Van Montfoort-Van Alphen;9
267;Van Montfoort, Kees;Humans;NL;B;Balder-Van Montfoort-Van Alphen;9
267;Van Alphen, Pascal;Burn;NL;C;Balder-Van Montfoort-Van Alphen;9
268;Mugnier, Theo;TitanShift;FR;A;Mugnier-Cantaluppi-Shao;9
268;Cantaluppi, Thibaut;Burn;FR;B;Mugnier-Cantaluppi-Shao;9
268;Shao, Qiaosheng;Grixis Shadow;FR;C;Mugnier-Cantaluppi-Shao;9
269;Macharis, Jan;Whirza;BE;A;Macharis-Bauwens-Capiau;9
269;Bauwens, Michael;Jund;BE;B;Macharis-Bauwens-Capiau;9
269;Capiau, Tim;Jund;BE;C;Macharis-Bauwens-Capiau;9
270;Van Geel, Philip;Bogles;BE;A;Van Geel-Ruts-Van Den Bulck;9
270;Ruts, Jens;Devoted Stoneforge Vizier;BE;B;Van Geel-Ruts-Van Den Bulck;9
270;Van Den Bulck, Steve;Hardened Scales;BE;C;Van Geel-Ruts-Van Den Bulck;9
271;Dimakos, Michail;Burn;GR;A;Dimakos-Kyriazis-Mavridis;9
271;Kyriazis, Ioannis;Burn;GR;B;Dimakos-Kyriazis-Mavridis;9
271;Mavridis, Lazaros;Burn;GR;C;Dimakos-Kyriazis-Mavridis;9
272;Petren, Tobias;Jund;SE;A;Petren-Hallgarde-Bennersten;9
272;Hallgarde, Magnus;Izzet Control;SE;B;Petren-Hallgarde-Bennersten;9
272;Bennersten, Viktor;Hardened Scales;SE;C;Petren-Hallgarde-Bennersten;9
273;Agirrezabalaga, Telmo;TitanShift;ES;A;Agirrezabalaga-Etxeberria-Mendizabal;9
273;Etxeberria, Inigo;Tron;ES;B;Agirrezabalaga-Etxeberria-Mendizabal;9
273;Mendizabal, Inaki;Dredge;ES;C;Agirrezabalaga-Etxeberria-Mendizabal;9
274;Johansen, Tommy;TitanShift;NO;A;Johansen-Bakkeli-Zahl Pedersen;9
274;Bakkeli, Oyvind;Jeskai Stoneblade;NO;B;Johansen-Bakkeli-Zahl Pedersen;9
274;Zahl Pedersen, Anders;Jund;NO;C;Johansen-Bakkeli-Zahl Pedersen;9
275;Bom, Bernard;Humans;NL;A;Bom-Overgaauw-Thoen;9
275;Overgaauw, Laurens;Grixis Shadow;NL;B;Bom-Overgaauw-Thoen;9
275;Thoen, Rob;Dredge;NL;C;Bom-Overgaauw-Thoen;9
276;Skovgaard, Kaare;Jund;DK;A;Skovgaard-Olsen-Drogemuller;9
276;Olsen, Thomas;Infect;DK;B;Skovgaard-Olsen-Drogemuller;9
276;Drogemuller, Kauri;Eldrazi Tron;DK;C;Skovgaard-Olsen-Drogemuller;9
277;Metnik, Anders;W/U Control;DK;A;Metnik-Weilmann-Bach;9
277;Weilmann, Kim;Tron;DK;B;Metnik-Weilmann-Bach;9
277;Bach, Simon;Whirza;DK;C;Metnik-Weilmann-Bach;9
278;Callaars, Johan;Burn;BE;A;Callaars-Verdonck-Heylen;9
278;Verdonck, Timmy;Jund;BE;B;Callaars-Verdonck-Heylen;9
278;Heylen, Ivo;W/U Control;BE;C;Callaars-Verdonck-Heylen;9
279;Van Breukelen, Jelmer;Storm;NL;A;Van Breukelen-Cuperus-De Regt;9
279;Cuperus, Jesper;U/W Stoneblade;NL;B;Van Breukelen-Cuperus-De Regt;9
279;De Regt, Ellert;Jund;NL;C;Van Breukelen-Cuperus-De Regt;9
280;Vervat, Anna;Humans;NL;A;Vervat-Berkhuizen-Mansveld;9
280;Berkhuizen, Naud;Bant Stoneblade;NL;B;Vervat-Berkhuizen-Mansveld;9
280;Mansveld, Julian;Jeskai Stoneblade;NL;C;Vervat-Berkhuizen-Mansveld;9
281;Galicia, Alberto;Jund;ES;A;Galicia-Sanchez-Salvador;9
281;Sanchez, Francisco;W/U Control;ES;B;Galicia-Sanchez-Salvador;9
281;Salvador, Guillem;Whirza;ES;C;Galicia-Sanchez-Salvador;9
282;Magallon Vazquez, Ander;W/U Control;BE;A;Magallon Vazquez-Jacobs-Leys;9
282;Jacobs, Koen;Bant Soulherder;BE;B;Magallon Vazquez-Jacobs-Leys;9
282;Leys, Matthias;TitanShift;BE;C;Magallon Vazquez-Jacobs-Leys;9
283;Sanders, Dominic;Dredge;XE;A;Sanders-Giorgio-Russo;9
283;Giorgio, Francesco;U/W Stoneblade;XE;B;Sanders-Giorgio-Russo;9
283;Russo, Enrico;U/W Control;XE;C;Sanders-Giorgio-Russo;9
284;Quinn, Niall;Grixis Shadow;IE;A;Quinn-Clare-Smith;9
284;Clare, James;Jund;IE;B;Quinn-Clare-Smith;9
284;Smith, Anthony;Whirza;IE;C;Quinn-Clare-Smith;9
285;Chortani, Kerim;Mono-Red Prowess;DE;A;Chortani-Lubbering-Salimbene;9
285;Lubbering, Dominik;Grixis Shadow;DE;B;Chortani-Lubbering-Salimbene;9
285;Salimbene, Salvatore;Merfolk;DE;C;Chortani-Lubbering-Salimbene;9
286;Ruegg, Lukas;B/R Midrange;CH;A;Ruegg-Gosic-Zanetti;9
286;Gosic, Lazar;Grixis Shadow;CH;B;Ruegg-Gosic-Zanetti;9
286;Zanetti, Elia;Bant Soulherder;CH;C;Ruegg-Gosic-Zanetti;9
287;Arens, Jonathan;Burn;BE;A;Arens-Lagasse-Bodson;9
287;Lagasse, Diego;Grixis Shadow;BE;B;Arens-Lagasse-Bodson;9
287;Bodson, Cedric;Hardened Scales;BE;C;Arens-Lagasse-Bodson;9
288;Ramis Pascual, Toni;Whirza;ES;A;Ramis Pascual-Arbona Martinez-Sanchez Lopez;9
288;Arbona Martinez, Marc;TitanShift;ES;B;Ramis Pascual-Arbona Martinez-Sanchez Lopez;9
288;Sanchez Lopez, Alvaro;U/W Stoneblade;ES;C;Ramis Pascual-Arbona Martinez-Sanchez Lopez;9
289;Croste-Baylies, Leo;Goblins;FR;A;Croste-Baylies-Drucke-Braun;9
289;Drucke, Thomas;Whirza;FR;B;Croste-Baylies-Drucke-Braun;9
289;Braun, Jean-Baptiste;Whirza;FR;C;Croste-Baylies-Drucke-Braun;9
290;Lynch, Sean;Burn;IE;A;Lynch-Walsh-O'Brien;9
290;Walsh, Declan;Humans;IE;B;Lynch-Walsh-O'Brien;9
290;O'Brien, Patrick;Tron;IE;C;Lynch-Walsh-O'Brien;9
291;Van Laethem, Nigel;Burn;BE;A;Van Laethem-Wachters-Peeters;9
291;Wachters, Maarten;TitanShift;BE;B;Van Laethem-Wachters-Peeters;9
291;Peeters, Tom;W/U Control;BE;C;Van Laethem-Wachters-Peeters;9
292;Strautz, Marcel;Abzan Stoneblade;DE;A;Strautz-Ginter-Haas;9
292;Ginter, Markus;Rhino-Balance;DE;B;Strautz-Ginter-Haas;9
292;Haas, Markus;Neobrand;DE;C;Strautz-Ginter-Haas;9
293;Krastev, Preslav;U/W Stoneblade;DE;A;Krastev-Passin-Kreutz;9
293;Passin, Mathias;Jeskai Stoneblade;DE;B;Krastev-Passin-Kreutz;9
293;Kreutz, Stefan;Humans;DE;C;Krastev-Passin-Kreutz;9
294;Bauwens, Eric;Jeskai Stoneblade;BE;A;Bauwens-Paulis-Lecocq;9
294;Paulis, Xavier;Unknown;BE;B;Bauwens-Paulis-Lecocq;9
294;Lecocq, Raphael;Burn;BE;C;Bauwens-Paulis-Lecocq;9
295;Brodut, Alexandre;Humans;FR;A;Brodut-Camps-Klenovcan;8
295;Camps, Pierre;Whirza;FR;B;Brodut-Camps-Klenovcan;8
295;Klenovcan, Marek;Tron;SK;C;Brodut-Camps-Klenovcan;8
296;De Doncker, Simon;Faeries;BE;A;De Doncker-Standaert-Van Hecke;8
296;Standaert, Sven;U/W Stoneblade;BE;B;De Doncker-Standaert-Van Hecke;8
296;Van Hecke, Bjorn;Tribal Zoo;BE;C;De Doncker-Standaert-Van Hecke;8
297;Halonen, Erkko;Jund;FI;A;Halonen-Kangas-Seppala;8
297;Kangas, Iikka;W/U Control;FI;B;Halonen-Kangas-Seppala;8
297;Seppala, Juho-Ville;Bant Spirits;FI;C;Halonen-Kangas-Seppala;8
298;Lippmann, Robert;W/U Control;DE;A;Lippmann-Faber-Muller;8
298;Faber, Manuel;Tron;DE;B;Lippmann-Faber-Muller;8
298;Muller, Sven;Jund;DE;C;Lippmann-Faber-Muller;8
299;Amort, Holger;Tron;DE;A;Amort-Pflueger-Kalveram;7
299;Pflueger, Daniel;U/W Stoneblade;DE;B;Amort-Pflueger-Kalveram;7
299;Kalveram, Stefan;Grixis Shadow;DE;C;Amort-Pflueger-Kalveram;7
300;Luminati, Valerio;Paradoxical Urza;IT;A;Luminati-Choca-Patel;7
300;Choca, Joao;Paradoxical Urza;XE;B;Luminati-Choca-Patel;7
300;Patel, Kayure;Traverse Shadow;XE;C;Luminati-Choca-Patel;7
301;Ittig, Julian;G/W Eldrazi;CH;A;Ittig-Brand-Roth;7
301;Brand, Sebastian;Bant Infect;CH;B;Ittig-Brand-Roth;7
301;Roth, Kaspar;Tron;CH;C;Ittig-Brand-Roth;7
302;De Wael, Michael;Burn;BE;A;De Wael-Haesaerts-Van Den Wyngaerde;7
302;Haesaerts, Simon;Burn;BE;B;De Wael-Haesaerts-Van Den Wyngaerde;7
302;Van Den Wyngaerde, Jonathan;Jund;BE;C;De Wael-Haesaerts-Van Den Wyngaerde;7
303;Hofmann, Thorsten;Burn;DE;A;Hofmann-Graf-Thiele;7
303;Graf, Michael;Dredge;DE;B;Hofmann-Graf-Thiele;7
303;Thiele, Daniel;Hardened Scales;DE;C;Hofmann-Graf-Thiele;7
304;Jacobs, Bob;Grixis Control;BE;A;Jacobs-De Canck-Brusselmans;7
304;De Canck, Sander;Traverse Shadow;BE;B;Jacobs-De Canck-Brusselmans;7
304;Brusselmans, Laurens;Traverse Shadow;BE;C;Jacobs-De Canck-Brusselmans;7
305;Strasky, Ondrej;Whirza;CZ;A;Strasky-Floch-Hendriks;7
305;Floch, Ivan;Whirza;SK;B;Strasky-Floch-Hendriks;7
305;Hendriks, Thomas;Jund;NL;C;Strasky-Floch-Hendriks;7
306;Di Mambro, Theo;Jeskai Stoneblade;FR;A;Di Mambro-Lourdin-Braconnier;7
306;Lourdin, Etienne;Grixis Shadow;FR;B;Di Mambro-Lourdin-Braconnier;7
306;Braconnier, Cyrille;Whirza;FR;C;Di Mambro-Lourdin-Braconnier;7
307;Santos, Bernardo;Bring to Light Scapeshift;PT;A;Santos-Fonseca-Gobern;7
307;Fonseca, Tiago;Whirza;PT;B;Santos-Fonseca-Gobern;7
307;Gobern, Luis;Devoted Vizier;PT;C;Santos-Fonseca-Gobern;7
308;Wang, Henning;Eldrazi Tron;DE;A;Wang-Bouten-Benisch;7
308;Bouten, Lea;U/W Stoneblade;DE;B;Wang-Bouten-Benisch;7
308;Benisch, Swen;Jund;DE;C;Wang-Bouten-Benisch;7
309;Berker, Michael;Hardened Scales;DE;A;Berker-Veith-Hummel;7
309;Veith, Thomas;Dredge;DE;B;Berker-Veith-Hummel;7
309;Hummel, Konstantin;TitanShift;DE;C;Berker-Veith-Hummel;7
310;Felet, Marco;Burn;IT;A;Felet-Dalla Giustina-Dona;7
310;Dalla Giustina, Piero;U/R Control;IT;B;Felet-Dalla Giustina-Dona;7
310;Dona, Pietro;TitanShift;IT;C;Felet-Dalla Giustina-Dona;7
311;Manso, Thomas;Jund;FR;A;Manso-Deicke-Lumeau;7
311;Deicke, Mathieu;Jund;FR;B;Manso-Deicke-Lumeau;7
311;Lumeau, Clement;Jeskai Tempo;FR;C;Manso-Deicke-Lumeau;7
312;Varvoreanu, Stefan;U/W Control;DE;A;Varvoreanu-Kollar-Kollar;7
312;Kollar, Karlo;Humans;DE;B;Varvoreanu-Kollar-Kollar;7
312;Kollar, Melkior;Whirza;DE;C;Varvoreanu-Kollar-Kollar;7
313;De Jong, Bob;Mardu Shadow;BE;A;De Jong-Boonen-Claes;7
313;Boonen, Lars;Storm;BE;B;De Jong-Boonen-Claes;7
313;Claes, Nick;Jeskai Control;BE;C;De Jong-Boonen-Claes;7
314;Camacho, Jordi;Devoted Vizier;ES;A;Camacho-Montoya-Villalobos;7
314;Montoya, Enric;Tron;ES;B;Camacho-Montoya-Villalobos;7
314;Villalobos, Victor;Niv-Mizzet Reborn;ES;C;Camacho-Montoya-Villalobos;7
315;Othenin, Mael;Bant Spirits;FR;A;Othenin-Blandin-Houpier;7
315;Blandin, Bastien;Devoted Vizier;FR;B;Othenin-Blandin-Houpier;7
315;Houpier, Robin;Amulet Titan;FR;C;Othenin-Blandin-Houpier;7
316;Koopman, Ferdi;Tron;NL;A;Koopman-Jousma-Veenstra;7
316;Jousma, Baukejan;Living End;NL;B;Koopman-Jousma-Veenstra;7
316;Veenstra, Joost;10-Rack;NL;C;Koopman-Jousma-Veenstra;7
317;Kelterbaum, Richard;Eldrazi Tron;FR;A;Kelterbaum-Kelterbaum-Kelterbaum;7
317;Kelterbaum, Morgane;Jund;FR;B;Kelterbaum-Kelterbaum-Kelterbaum;7
317;Kelterbaum, Catherine;Burn;FR;C;Kelterbaum-Kelterbaum-Kelterbaum;7
318;Mogren Karlsson, Anders;Whirza;SE;A;Mogren Karlsson-Lane-Persson;7
318;Lane, Hampus;Whirza;SE;B;Mogren Karlsson-Lane-Persson;7
318;Persson, Karl Oskar;Traverse Shadow;SE;C;Mogren Karlsson-Lane-Persson;7
319;Dhuyvetter, Ruben;Soulflayer;BE;A;Dhuyvetter-Langendries-Devolder;7
319;Langendries, Stijn;U/W Tempo;BE;B;Dhuyvetter-Langendries-Devolder;7
319;Devolder, Steve;Goblins;BE;C;Dhuyvetter-Langendries-Devolder;7
320;Bakhtari, Edris;Burn;DE;A;Bakhtari-Krauss-Laub;7
320;Krauss, Tobias;Jund;DE;B;Bakhtari-Krauss-Laub;7
320;Laub, Marius;Elves;DE;C;Bakhtari-Krauss-Laub;7
321;Guibon, Remy;Jund;FR;A;Guibon-Staszak-Delahaye;7
321;Staszak, Bruce;Hardened Scales;FR;B;Guibon-Staszak-Delahaye;7
321;Delahaye, Jean Renaud;Pyro Prison;FR;C;Guibon-Staszak-Delahaye;7
322;Clochard, Alexandre;Dredge;FR;A;Clochard-Fusade-Clochard;7
322;Fusade, Clement;U/W Stoneblade;FR;B;Clochard-Fusade-Clochard;7
322;Clochard, Nicolas;W/B Tokens;FR;C;Clochard-Fusade-Clochard;7
323;Chassagne, Romain;Tron;FR;A;Chassagne-Chassagne-Lecroq;7
323;Chassagne, Marc;Infect;FR;B;Chassagne-Chassagne-Lecroq;7
323;Lecroq, William;Hardened Scales;FR;C;Chassagne-Chassagne-Lecroq;7
324;Steiner, Luca;White Eldrazi;AT;A;Steiner-Pabst-Steiner;7
324;Pabst, Tobias;Rhino-Balance;AT;B;Steiner-Pabst-Steiner;7
324;Steiner, Benjamin;Goblins;AT;C;Steiner-Pabst-Steiner;7
325;Wack, Quentin;Burn;FR;A;Wack-Albert-Le Faou;7
325;Albert, Francois;Mardu Shadow;FR;B;Wack-Albert-Le Faou;7
325;Le Faou, Ronan;Tron;FR;C;Wack-Albert-Le Faou;7
326;Lehmacher, Max;Burn;DE;A;Lehmacher-Hamann-Brang;6
326;Hamann, Andreas;Jund;DE;B;Lehmacher-Hamann-Brang;6
326;Brang, Robin;TitanShift;DE;C;Lehmacher-Hamann-Brang;6
327;Habraken, Matthijs;Grixis Shadow;NL;A;Habraken-Coremans-Verwijmeren;6
327;Coremans, Jeffrey;Hardened Scales;NL;B;Habraken-Coremans-Verwijmeren;6
327;Verwijmeren, Jan;Bogles;NL;C;Habraken-Coremans-Verwijmeren;6
328;Gobert, Alois;Grixis Shadow;FR;A;Gobert-Bailly-Murgey;6
328;Bailly, Laurent;Whirza;FR;B;Gobert-Bailly-Murgey;6
328;Murgey, Alexandre;Burn;FR;C;Gobert-Bailly-Murgey;6
329;Masschelein, Clarck;Jeskai Stoneblade;BE;A;Masschelein-Flamang-Masschelein;6
329;Flamang, Johannes;Jund;BE;B;Masschelein-Flamang-Masschelein;6
329;Masschelein, Chris;Amulet Titan;BE;C;Masschelein-Flamang-Masschelein;6
330;Valasiadis, Jon;Tron;GR;A;Valasiadis-Ziglinas-Koroglanoglou;6
330;Ziglinas, Nikos;Jund;GR;B;Valasiadis-Ziglinas-Koroglanoglou;6
330;Koroglanoglou, Tasos;Tron;GR;C;Valasiadis-Ziglinas-Koroglanoglou;6
331;Raptidis, Ioannis;U/W Control;GR;A;Raptidis-Raptidis-Marinos;6
331;Raptidis, Aristotelis;Tron;GR;B;Raptidis-Raptidis-Marinos;6
331;Marinos, Georgios;Eldrazi Tron;GR;C;Raptidis-Raptidis-Marinos;6
332;Koistinen, Iiro;Whirza;FI;A;Koistinen-Juote-Lindroos;6
332;Juote, Jesse;Tron;FI;B;Koistinen-Juote-Lindroos;6
332;Lindroos, Jani;Jund;FI;C;Koistinen-Juote-Lindroos;6
333;Neirynck, Branco;Grixis Shadow;BE;A;Neirynck-Vieren-Vieren;6
333;Vieren, Pascal;Twiddle Storm;BE;B;Neirynck-Vieren-Vieren;6
333;Vieren, Peter;Twiddle Storm;BE;C;Neirynck-Vieren-Vieren;6
334;Anzieu, Antoine;Burn;FR;A;Anzieu-Pouhyet-Mona;6
334;Pouhyet, Alexandre;W/U Control;FR;B;Anzieu-Pouhyet-Mona;6
334;Mona, Matthieu;Slivers;FR;C;Anzieu-Pouhyet-Mona;6
335;Kenyeres, Akos;W/U Control;HU;A;Kenyeres-Poroszkai-Viniczai;6
335;Poroszkai, Laszlo;Rhino-Balance;HU;B;Kenyeres-Poroszkai-Viniczai;6
335;Viniczai, Tibor;Jund;HU;C;Kenyeres-Poroszkai-Viniczai;6
336;Von Der Haar, Alexander;Mardu Shadow;DE;A;Von Der Haar-Stier-Beck;6
336;Stier, Matti;U/W Stoneblade;DE;B;Von Der Haar-Stier-Beck;6
336;Beck, Philipp;Traverse Shadow;DE;C;Von Der Haar-Stier-Beck;6
337;Hansen, Martin;Jeskai Stoneblade;NO;A;Hansen-Ratvik-Berg;6
337;Ratvik, Helge;Jund;NO;B;Hansen-Ratvik-Berg;6
337;Berg, Magnus;Burn;NO;C;Hansen-Ratvik-Berg;6
338;Tsaknias, Panagiotis;Tron;XE;A;Tsaknias-Christidis-Kotidis;6
338;Christidis, Tasos;Grixis Shadow;XE;B;Tsaknias-Christidis-Kotidis;6
338;Kotidis, Konstantinos;TitanShift;XE;C;Tsaknias-Christidis-Kotidis;6
339;Li, Dennis;Affinity;BE;A;Li-Van Brandt-Delanghe;6
339;Van Brandt, Dimitri;Goblins;BE;B;Li-Van Brandt-Delanghe;6
339;Delanghe, Dimitri;Burn;BE;C;Li-Van Brandt-Delanghe;6
340;Leblanc, Simon;Merfolk;BE;A;Leblanc-Vandewalle-Joel;6
340;Vandewalle, Maxime;Mono-Green Stompy;BE;B;Leblanc-Vandewalle-Joel;6
340;Joel, Heymbeeck;Tron;BE;C;Leblanc-Vandewalle-Joel;6
341;Woll, Karl;Traverse Shadow;DE;A;Woll-Huber-Nenna;6
341;Huber, Wanja;U/W Stoneblade;DE;B;Woll-Huber-Nenna;6
341;Nenna, Juan;Tron;DE;C;Woll-Huber-Nenna;6
342;Remmery, Pieter;W/U Control;BE;A;Remmery-Van Reusel-Roelens;6
342;Van Reusel, Brecht;R/G Ponza;BE;B;Remmery-Van Reusel-Roelens;6
342;Roelens, Tiemen;Dredge;BE;C;Remmery-Van Reusel-Roelens;6
343;Sagodira, Melodie;U/W Stoneblade;FR;A;Sagodira-Teoh-Warembourg;6
343;Teoh, Yann Lee;Burn;FR;B;Sagodira-Teoh-Warembourg;6
343;Warembourg, Romain;Jund;FR;C;Sagodira-Teoh-Warembourg;6
344;Hamerlynck, Aaron;Narset Wheels;BE;A;Hamerlynck-Van Bastelaere-Veryser;6
344;Van Bastelaere, Jens;U/W Stoneblade;BE;B;Hamerlynck-Van Bastelaere-Veryser;6
344;Veryser, Brecht;Tron;BE;C;Hamerlynck-Van Bastelaere-Veryser;6
345;Drepper, David Franz;MartyrProclamation;DE;A;Drepper-Haake-Kieser;6
345;Haake, Jerome;Bant Stoneblade;DE;B;Drepper-Haake-Kieser;6
345;Kieser, Olaf;W/R Prison;DE;C;Drepper-Haake-Kieser;6
346;Fromberg, Michael;Grixis Shadow;DK;A;Fromberg-Fohns-Lave;6
346;Fohns, Ludvig;U/W Stoneblade;DK;B;Fromberg-Fohns-Lave;6
346;Lave, Ole Laustsen;TitanShift;DK;C;Fromberg-Fohns-Lave;6
347;Balzac, Anthony;Tron;FR;A;Balzac-Helfman-Miseroux;6
347;Helfman, Quentin;Jund;FR;B;Balzac-Helfman-Miseroux;6
347;Miseroux, Vincent;U/W Stoneblade;FR;C;Balzac-Helfman-Miseroux;6
348;Huiting, Justen;TitanShift;NL;A;Huiting-Glasbeek-Knol;6
348;Glasbeek, Steven;Hardened Scales;NL;B;Huiting-Glasbeek-Knol;6
348;Knol, Gerben;Eldrazi & Taxes;NL;C;Huiting-Glasbeek-Knol;6
349;Van Volsem, Geert;Devoted Vizier;BE;A;Van Volsem-Klapwijk-Truyen;6
349;Klapwijk, Michiel;Affinity;BE;B;Van Volsem-Klapwijk-Truyen;6
349;Truyen, Peter;Tron;BE;C;Van Volsem-Klapwijk-Truyen;6
350;Embrechts, Kevin;Jund;BE;A;Embrechts-Van Roey-Wouters;6
350;Van Roey, Glenn;Jeskai Stoneblade;BE;B;Embrechts-Van Roey-Wouters;6
350;Wouters, Michael;Bant Stoneblade;BE;C;Embrechts-Van Roey-Wouters;6
351;Rizzi, Mattia;Grixis Shadow;IT;A;Rizzi-Ortiz Ros-Abril Navarro;6
351;Ortiz Ros, Cristian;Living End;ES;B;Rizzi-Ortiz Ros-Abril Navarro;6
351;Abril Navarro, Cristobal;Stoneforge & Taxes;ES;C;Rizzi-Ortiz Ros-Abril Navarro;6
352;Fernandez, Anthony;Burn;FR;A;Fernandez-Pineau-Brecy;6
352;Pineau, Clement;Eldrazi Tron;FR;B;Fernandez-Pineau-Brecy;6
352;Brecy, Yann;White Eldrazi;FR;C;Fernandez-Pineau-Brecy;6
353;Nusser, Adam;W/U Control;HU;A;Nusser-Laczko-Paragi;6
353;Laczko, Peter;Hardened Scales;HU;B;Nusser-Laczko-Paragi;6
353;Paragi, Zoltan;Dredge;HU;C;Nusser-Laczko-Paragi;6
354;Bossy, Gaetan;Traverse Shadow;CH;A;Bossy-Busson-Bovet;6
354;Busson, Etienne;Tron;CH;B;Bossy-Busson-Bovet;6
354;Bovet, David;Whirza;CH;C;Bossy-Busson-Bovet;6
355;Korhonen, Niko;Tron;FI;A;Korhonen-Kaitila-Forsstrom;6
355;Kaitila, Aleksi;Jund;FI;B;Korhonen-Kaitila-Forsstrom;6
355;Forsstrom, Henrik;TitanShift;FI;C;Korhonen-Kaitila-Forsstrom;6
356;Van De Veen, Steffen;MartyrProclamation;NL;A;Van De Veen-De Haan-Tuinstra;6
356;De Haan, Rob;Whirza;NL;B;Van De Veen-De Haan-Tuinstra;6
356;Tuinstra, Sebastiaan;Hardened Scales;NL;C;Van De Veen-De Haan-Tuinstra;6
357;De Vries, Hanjo;Living End;NL;A;De Vries-Van Lamoen-Star;6
357;Van Lamoen, Tom;Pyro Prison;NL;B;De Vries-Van Lamoen-Star;6
357;Star, Leon;Humans;NL;C;De Vries-Van Lamoen-Star;6
358;Goddard, Sean;Dredge;XE;A;Goddard-Richards-Mostyn;6
358;Richards, Branoc;Devoted Stoneforge Vizier;XE;B;Goddard-Richards-Mostyn;6
358;Mostyn, George;Traverse Shadow;XW;C;Goddard-Richards-Mostyn;6
359;Daunis, Aurore;Tron;FR;A;Daunis-Ledy-Hertwig;6
359;Ledy, Jonathan;Pyro Prison;FR;B;Daunis-Ledy-Hertwig;6
359;Hertwig, Andrea;W/U Control;FR;C;Daunis-Ledy-Hertwig;6
360;Allouchery, Gonzague;Devoted Vizier;FR;A;Allouchery-Petit-Petit-Noe;6
360;Petit, Yohann;Burn;FR;B;Allouchery-Petit-Petit-Noe;6
360;Petit-Noe, Louise;R/G Ponza;FR;C;Allouchery-Petit-Petit-Noe;6
361;Aurejac, Alexandre;Esper Control;FR;A;Aurejac-Violette-Laguerre;6
361;Violette, Aurelie;Tron;FR;B;Aurejac-Violette-Laguerre;6
361;Laguerre, Mathieu;Humans;FR;C;Aurejac-Violette-Laguerre;6
362;Timmermans, Ron;Burn;NL;A;Timmermans-Timmermans-Lebon;6
362;Timmermans, Bas;Burn;NL;B;Timmermans-Timmermans-Lebon;6
362;Lebon, Tristan;U/W Stoneblade;NL;C;Timmermans-Timmermans-Lebon;6
363;Van Den Berg, Anco;Humans;NL;A;Van Den Berg-Van Houten-Boesten;6
363;Van Houten, Frank;Burn;NL;B;Van Den Berg-Van Houten-Boesten;6
363;Boesten, Niels;U/W Stoneblade;NL;C;Van Den Berg-Van Houten-Boesten;6
364;Ferdinand, Martin Moller;U/W Stoneblade;DK;A;Ferdinand-Lund-Dybdal;6
364;Lund, Jens Norgaard;Stoneforge Whirza;DK;B;Ferdinand-Lund-Dybdal;6
364;Dybdal, Simon;Whirza;DK;C;Ferdinand-Lund-Dybdal;6
365;Rutten, Alex;Mono-Red Flame;NL;A;Rutten-Roelofs-Chen;6
365;Roelofs, Frank;Paradoxical Urza;NL;B;Rutten-Roelofs-Chen;6
365;Chen, Ziming;Jund;NL;C;Rutten-Roelofs-Chen;6
366;Boese, Timur;Devoted Vizier;DE;A;Boese-Rosinski-Kammer;6
366;Rosinski, Dennis;Amulet Titan;DE;B;Boese-Rosinski-Kammer;6
366;Kammer, Michael;Burn;DE;C;Boese-Rosinski-Kammer;6
367;Dambron, Claire;Jeskai Stoneblade;FR;A;Dambron-Baglin-Lemeret;6
367;Baglin, Arnaud;Whirza;FR;B;Dambron-Baglin-Lemeret;6
367;Lemeret, Benjamin;Eldrazi Tron;FR;C;Dambron-Baglin-Lemeret;6
368;Bux, Marcel;Whirza;DE;A;Bux-Strauch-Hoppe;6
368;Strauch, Peter;Tron;DE;B;Bux-Strauch-Hoppe;6
368;Hoppe, Sebastian;Tron;DE;C;Bux-Strauch-Hoppe;6
369;Alawadhi, Abdullah;Whirza;KW;A;Alawadhi-Alsabah-Mogawer;6
369;Alsabah, Mohammed;TitanShift;KW;B;Alawadhi-Alsabah-Mogawer;6
369;Mogawer, Youssef;Tron;KW;C;Alawadhi-Alsabah-Mogawer;6
370;Baptista, Jose;Jund;NL;A;Baptista-Van Der Zee-Van Der Schaft;6
370;Van Der Zee, Youri;Mardu Shadow;NL;B;Baptista-Van Der Zee-Van Der Schaft;6
370;Van Der Schaft, Maarten;Tron;NL;C;Baptista-Van Der Zee-Van Der Schaft;6
371;Herr, Boris;Humans;FR;A;Herr-Rauser-Lutz;6
371;Rauser, Thomas;Whirza;FR;B;Herr-Rauser-Lutz;6
371;Lutz, Jimmy;Tron;FR;C;Herr-Rauser-Lutz;6
372;Chabernaud, Duncan;Burn;FR;A;Chabernaud-Copet-Kuntz;6
372;Copet, Thomas;U/B Mill;FR;B;Chabernaud-Copet-Kuntz;6
372;Kuntz, Thomas;Jeskai Stoneblade;FR;C;Chabernaud-Copet-Kuntz;6
373;Habluetzel, Matthias;Eldrazi Tron;CH;A;Habluetzel-Ruegg-Wandeler;6
373;Ruegg, Pascal;Whirza;CH;B;Habluetzel-Ruegg-Wandeler;6
373;Wandeler, Ramon;Dredge;CH;C;Habluetzel-Ruegg-Wandeler;6
374;Vincke, Jari;Tron;BE;A;Vincke-Declerck-Deryckere;6
374;Declerck, Simon;Dredge;BE;B;Vincke-Declerck-Deryckere;6
374;Deryckere, Nino;Jund;BE;C;Vincke-Declerck-Deryckere;6
375;Wilhelm Lumholtz, Simon;Devoted Stoneforge Vizier;DK;A;Wilhelm Lumholtz-Larsen-Kristensen;6
375;Larsen, Jacob Aunstrup;Devoted Stoneforge Vizier;DK;B;Wilhelm Lumholtz-Larsen-Kristensen;6
375;Kristensen, Frederik Kirk;Faeries;DK;C;Wilhelm Lumholtz-Larsen-Kristensen;6
376;Barros, Cedric;Eldrazi Tron;PT;A;Barros-Rousseaux-Perez;6
376;Rousseaux, Adrien;Jund;FR;B;Barros-Rousseaux-Perez;6
376;Perez, Emmanuel;Puzzling Whir Prison;FR;C;Barros-Rousseaux-Perez;6
377;Richel, Frenk;Jund;NL;A;Richel-Goossens-Van Der Staak;6
377;Goossens, Rob;Whirza;NL;B;Richel-Goossens-Van Der Staak;6
377;Van Der Staak, Daniel;Bant Spirits;NL;C;Richel-Goossens-Van Der Staak;6
378;Pletzer-Zelgert, Jonathan;Whirza;DE;A;Pletzer-Zelgert-Zelgert-Wilden;6
378;Zelgert, Kai;Blue Living End;DE;B;Pletzer-Zelgert-Zelgert-Wilden;6
378;Wilden, Felix;Jund;DE;C;Pletzer-Zelgert-Zelgert-Wilden;6
379;Hahn, Hendrik;Whirza;DE;A;Hahn-Becker-Dermaku;6
379;Becker, Finn;Jund;DE;B;Hahn-Becker-Dermaku;6
379;Dermaku, Kevin;Eldrazi Tron;DE;C;Hahn-Becker-Dermaku;6
380;Boehnstedt, Lutz;Jund;DE;A;Boehnstedt-Moellemann-Gilerson;6
380;Moellemann, Gerhard;Grixis Shadow;DE;B;Boehnstedt-Moellemann-Gilerson;6
380;Gilerson, Andre;Eldrazi Tron;DE;C;Boehnstedt-Moellemann-Gilerson;6
381;Guesnel, Valentin;Eldrazi & Taxes;FR;A;Guesnel-Guesnel-Bonneau;6
381;Guesnel, Quentin;Tron;FR;B;Guesnel-Guesnel-Bonneau;6
381;Bonneau, Antoine;W/U Control;FR;C;Guesnel-Guesnel-Bonneau;6
382;Bultel, Maximilian;U/W Stoneblade;DE;A;Bultel-Jorges-Bultel;6
382;Jorges, Lars;Mono-Red Prowess;DE;B;Bultel-Jorges-Bultel;6
382;Bultel, Jonas;Colorless Eldrazi;DE;C;Bultel-Jorges-Bultel;6
383;Pebody, Luke;W/U Control;XE;A;Pebody-Mattsson-Mccauley;6
383;Mattsson, Jakob;Tron;XE;B;Pebody-Mattsson-Mccauley;6
383;Mccauley, Seamus;Myr Superion brew;XE;C;Pebody-Mattsson-Mccauley;6
384;Kronenberg, Menno;G/W Eldrazi;NL;A;Kronenberg-Weijgertse-Van Doesburg;6
384;Weijgertse, Dave;Tron;NL;B;Kronenberg-Weijgertse-Van Doesburg;6
384;Van Doesburg, Steven;Izzet Rhinos;NL;C;Kronenberg-Weijgertse-Van Doesburg;6
385;Mieth, Tobias;Whirza;DE;A;Mieth-Messow-Hittel;6
385;Messow, Philip;Whirza;DE;B;Mieth-Messow-Hittel;6
385;Hittel, Matthias;Whirza;DE;C;Mieth-Messow-Hittel;6
386;Achim, Cosmin;Jund;RO;A;Achim-Stetco-Vancea;5
386;Stetco, Ionut;Tron;RO;B;Achim-Stetco-Vancea;5
386;Vancea, Sebastian;Whirza;RO;C;Achim-Stetco-Vancea;5
387;Gryga, Nico;Hardened Scales;DE;A;Gryga-Kaiser-Beuth;5
387;Kaiser, Till Paul;TitanShift;DE;B;Gryga-Kaiser-Beuth;5
387;Beuth, Marius;Bant Stoneblade;DE;C;Gryga-Kaiser-Beuth;5
388;Matousek, Pavel;G/W Eldrazi;CZ;A;Matousek-Paugsch-Obraz;5
388;Paugsch, Lukas;Dredge;SK;B;Matousek-Paugsch-Obraz;5
388;Obraz, Jiri;Jund;CZ;C;Matousek-Paugsch-Obraz;5
389;Libkin, Eugen;W/U Control;DE;A;Libkin-Stadler-Pritsch;4
389;Stadler, Jan;Dredge;DE;B;Libkin-Stadler-Pritsch;4
389;Pritsch, Max;Tron;DE;C;Libkin-Stadler-Pritsch;4
390;Snepvangers, Bram;U/W Control;NL;A;Snepvangers-Van Medevoort-Claessen;4
390;Van Medevoort, Robert;Tron;NL;B;Snepvangers-Van Medevoort-Claessen;4
390;Claessen, Bert;Burn;NL;C;Snepvangers-Van Medevoort-Claessen;4
391;Marquet, Pierre;Hardened Scales;FR;A;Marquet-Pujol-Pourrier;4
391;Pujol, Jeremy;Bant Infect;FR;B;Marquet-Pujol-Pourrier;4
391;Pourrier, Quentin;Tron;FR;C;Marquet-Pujol-Pourrier;4
392;Marti, Samuel;Whirza;CH;A;Marti-Delavy-Beguin;4
392;Delavy, Theophile;TitanShift;CH;B;Marti-Delavy-Beguin;4
392;Beguin, Benoit;Tron;CH;C;Marti-Delavy-Beguin;4
393;Quach, Kenil;Sultai Snow;FR;A;Quach-Pucheus-Moore;4
393;Pucheus, Antoine;Rhino-Balance;FR;B;Quach-Pucheus-Moore;4
393;Moore, Lyle;Tron;FR;C;Quach-Pucheus-Moore;4
394;Debrabander, Michael;Jeskai Stoneblade;BE;A;Debrabander-Rosseel-Van Compernolle;4
394;Rosseel, David;Burn;BE;B;Debrabander-Rosseel-Van Compernolle;4
394;Van Compernolle, Luc;Whirza;BE;C;Debrabander-Rosseel-Van Compernolle;4
395;Mytych, Francois;Devoted Vizier;FR;A;Mytych-Guerin-Avril;4
395;Guerin, Guillaume;Jeskai Ascension;FR;B;Mytych-Guerin-Avril;4
395;Avril, Francois;Tron;FR;C;Mytych-Guerin-Avril;4
396;Claerebout, Tom;Sultai Reclamation;BE;A;Claerebout-Bosschem-Hoste;4
396;Bosschem, Boyan;R/G Ponza;BE;B;Claerebout-Bosschem-Hoste;4
396;Hoste, Yanin;Stoneblade Pox;BE;C;Claerebout-Bosschem-Hoste;4
397;Jansen, Sebastiaan;Grixis Control;NL;A;Jansen-Rouw-Maas;4
397;Rouw, Alex;Paradoxical Urza;NL;B;Jansen-Rouw-Maas;4
397;Maas, Wouter;Tron;NL;C;Jansen-Rouw-Maas;4
398;Hendriks, Youp;Jund;NL;A;Hendriks-Schmeitz-Joustra;4
398;Schmeitz, Sander;U/W Stoneblade;NL;B;Hendriks-Schmeitz-Joustra;4
398;Joustra, Paulo;Jund;NL;C;Hendriks-Schmeitz-Joustra;4
399;Giannoulas, Christos;Amulet Titan;NL;A;Giannoulas-Werkman-Verheesen;4
399;Werkman, Pascal;Jund;NL;B;Giannoulas-Werkman-Verheesen;4
399;Verheesen, Rene;Burn;NL;C;Giannoulas-Werkman-Verheesen;4
400;Dimitropoulos, Konstantinos;U/W Stoneblade;GR;A;Dimitropoulos-Nikitopoulos-Petychakis;4
400;Nikitopoulos, Dimitris;U/W Stoneblade;GR;B;Dimitropoulos-Nikitopoulos-Petychakis;4
400;Petychakis, Stavros;TitanShift;GR;C;Dimitropoulos-Nikitopoulos-Petychakis;4
401;Devoti, Mathieu;Stoneforge & Taxes;FR;A;Devoti-Riviere-Hoffmann;4
401;Riviere, Miguel;Jund;FR;B;Devoti-Riviere-Hoffmann;4
401;Hoffmann, Mederic;Mono-White Humans;FR;C;Devoti-Riviere-Hoffmann;4
402;Montequin, Saul;Tron with Factory;ES;A;Montequin-Carvajal-Coca;4
402;Carvajal, Miguel;Mardu Pyromancers;ES;B;Montequin-Carvajal-Coca;4
402;Coca, Pablo;Bant Spirits;ES;C;Montequin-Carvajal-Coca;4
403;Van Der Linden, Menno;W/B MartyrProclamation;NL;A;Van Der Linden-Kamerman-Durrant;4
403;Kamerman, Robin;Living End;NL;B;Van Der Linden-Kamerman-Durrant;4
403;Durrant, Luke;Cheerios;NL;C;Van Der Linden-Kamerman-Durrant;4
404;Vermeulen, Niklas;Humans;BE;A;Vermeulen-Mortier-Bogaert;4
404;Mortier, Frederik;Storm;BE;B;Vermeulen-Mortier-Bogaert;4
404;Bogaert, Stijn;Grixis Shadow;BE;C;Vermeulen-Mortier-Bogaert;4
405;Dioguardi, Giacomo;Whirza;IT;A;Dioguardi-Fiorani-Bergodi;4
405;Fiorani, Riccardo;B/R Midrange;IT;B;Dioguardi-Fiorani-Bergodi;4
405;Bergodi, Andrea;Tron;IT;C;Dioguardi-Fiorani-Bergodi;4
406;Envent, Alexandre;Tron;FR;A;Envent-Envent-Defrance;4
406;Envent, Marc;Dredge;FR;B;Envent-Envent-Defrance;4
406;Defrance, Gautier;Devoted Vizier;FR;C;Envent-Envent-Defrance;4
407;Daujeumont, Corentin;Kiki-Evolution;BE;A;Daujeumont-Kellner-Martiat;4
407;Kellner, Jonathan;Jeskai Control;BE;B;Daujeumont-Kellner-Martiat;4
407;Martiat, Remy;Jund;BE;C;Daujeumont-Kellner-Martiat;4
408;Wu, Bowen;Storm;CN;A;Wu-Garcia-Havenith;3
408;Garcia, Ignacio;Esper Stoneblade;CL;B;Wu-Garcia-Havenith;3
408;Havenith, Sven;TitanShift;BE;C;Wu-Garcia-Havenith;3
409;Retamosa Marchante, Adrian;Dredge;ES;A;Retamosa Marchante-Gueler Berdasco-Fernandez;3
409;Gueler Berdasco, Fernando;Dredge;ES;B;Retamosa Marchante-Gueler Berdasco-Fernandez;3
409;Fernandez, Marcos Jose;Dredge;ES;C;Retamosa Marchante-Gueler Berdasco-Fernandez;3
410;Lewandowski, Bartlomiej;Mardu Shadow;BE;A;Lewandowski-Miecznikowski-Banski;3
410;Miecznikowski, Jedrzej;Mardu Shadow;BE;B;Lewandowski-Miecznikowski-Banski;3
410;Banski, Jakub;Eldrazi Tron;BE;C;Lewandowski-Miecznikowski-Banski;3
411;Symon, James;Tron;XS;A;Symon-Stewart-Greenslade;3
411;Stewart, Craig;Grixis Shadow;XS;B;Symon-Stewart-Greenslade;3
411;Greenslade, Luke;Jund;XS;C;Symon-Stewart-Greenslade;3
412;Bonnes, Nicolas;Burn;FR;A;Bonnes-Fontenelle-Ivens;3
412;Fontenelle, Jeremy;Devoted Vizier;FR;B;Bonnes-Fontenelle-Ivens;3
412;Ivens, Stephane;Elves;FR;C;Bonnes-Fontenelle-Ivens;3
413;Milella, Riccardo;Humans;IT;A;Milella-Bellini-Patria;3
413;Bellini, Marco;Grixis Shadow;IT;B;Milella-Bellini-Patria;3
413;Patria, Andrea;Tron;IT;C;Milella-Bellini-Patria;3
414;Maurice, Leo;Bant Spirits;FR;A;Maurice-Primot-Gevrey;3
414;Primot, Armel;Burn;FR;B;Maurice-Primot-Gevrey;3
414;Gevrey, Vincent;Tron;FR;C;Maurice-Primot-Gevrey;3
415;Weytens, Thijs;Izzet Phoenix;BE;A;Weytens-Aelbrecht-Wambeke;3
415;Aelbrecht, Jimmy;Burn;BE;B;Weytens-Aelbrecht-Wambeke;3
415;Wambeke, Jens;Esper Shadow;BE;C;Weytens-Aelbrecht-Wambeke;3
416;Cedric, Barbosa;Burn;FR;A;Cedric-Romain-Julien;3
416;Romain, Van Den Brande;Jeskai Control;FR;B;Cedric-Romain-Julien;3
416;Julien, Drouard;Grixis Control;FR;C;Cedric-Romain-Julien;3
417;Kohn, Michel;Tron;DE;A;Kohn-Nieke-Dreimanis;3
417;Nieke, Jonas;Hardened Scales;DE;B;Kohn-Nieke-Dreimanis;3
417;Dreimanis, Gints;Whirza;LV;C;Kohn-Nieke-Dreimanis;3
418;Aguzzi, Evan;Whirza;CH;A;Aguzzi-Aguzzi-Aguzzi;3
418;Aguzzi, Arnaud;Merfolk;CH;B;Aguzzi-Aguzzi-Aguzzi;3
418;Aguzzi, Hugo;Whirza;CH;C;Aguzzi-Aguzzi-Aguzzi;3
419;Aidla, Markus;U/W Stoneblade;EE;A;Aidla-Leemets-Aleksandrov;3
419;Leemets, Sixten;Mono-Red Flame;EE;B;Aidla-Leemets-Aleksandrov;3
419;Aleksandrov, Juri;Jund;EE;C;Aidla-Leemets-Aleksandrov;3
420;Starikov, Sergey;Eldrazi Tron;RU;A;Starikov-Kryukov-Ermolov;3
420;Kryukov, Dmitriy;Jund;RU;B;Starikov-Kryukov-Ermolov;3
420;Ermolov, Nikita;Mardu Shadow;RU;C;Starikov-Kryukov-Ermolov;3
421;Van Kuijk, Harm-Joost;Hardened Scales;NL;A;Van Kuijk-Rodriguez De Miranda-Thur;3
421;Rodriguez De Miranda, Lars;Stoneforge Whirza;NL;B;Van Kuijk-Rodriguez De Miranda-Thur;3
421;Thur, Marnic;Devoted Vizier;NL;C;Van Kuijk-Rodriguez De Miranda-Thur;3
422;Habets, Flemming;W/U Control;DE;A;Habets-Janssen-Noe;3
422;Janssen, Matthias;U/W Stoneblade;DE;B;Habets-Janssen-Noe;3
422;Noe, Matthias;Tron;DE;C;Habets-Janssen-Noe;3
423;Sommerhalder, Eric;Whirza;CH;A;Sommerhalder-Puri-Konig;3
423;Puri, Daniele;Whirza;CH;B;Sommerhalder-Puri-Konig;3
423;Konig, Noah;Jund;CH;C;Sommerhalder-Puri-Konig;3
424;Vaillant, Joel;Tron;FR;A;Vaillant-Henaff-Neveu;3
424;Henaff, Corentin;Burn;FR;B;Vaillant-Henaff-Neveu;3
424;Neveu, Thibault;Whirza;FR;C;Vaillant-Henaff-Neveu;3
425;Van Damme, Cliff;W/U Control;BE;A;Van Damme-De Smet-Van De Steen;3
425;De Smet, Anton;Jund;BE;B;Van Damme-De Smet-Van De Steen;3
425;Van De Steen, Glenn;Burn;BE;C;Van Damme-De Smet-Van De Steen;3
426;Luc-Bastien, Claude;Hardened Scales;FR;A;Luc-Bastien-Lenoble-Delance;3
426;Lenoble, Victor;Saheeli combo;FR;B;Luc-Bastien-Lenoble-Delance;3
426;Delance, Ghislain;Ad Nauseam;FR;C;Luc-Bastien-Lenoble-Delance;3
427;Cecilia, Manuel;TitanShift;IT;A;Cecilia-Pinto-Crosariol;3
427;Pinto, Antonio;TitanShift;IT;B;Cecilia-Pinto-Crosariol;3
427;Crosariol, Daniele;TitanShift;IT;C;Cecilia-Pinto-Crosariol;3
428;Mienes, Maarten;W/U Control;NL;A;Mienes-Mienes-Kruijer;3
428;Mienes, Bertold;The Rock;NL;B;Mienes-Mienes-Kruijer;3
428;Kruijer, Roan;Mono-Red Prowess;NL;C;Mienes-Mienes-Kruijer;3
429;Collinet, Patrick;Burn;DE;A;Collinet-Klocker-Rake;3
429;Klocker, Mario;R/B Elementals;DE;B;Collinet-Klocker-Rake;3
429;Rake, Thomas;Burn;DE;C;Collinet-Klocker-Rake;3
430;Lin, Chi Yui;Rhino-Balance;NL;A;Lin-Stevens-Van Der Steen;3
430;Stevens, Tom;R/G Ponza;NL;B;Lin-Stevens-Van Der Steen;3
430;Van Der Steen, Erik;Hardened Scales;NL;C;Lin-Stevens-Van Der Steen;3
431;Stenitzer, Felix;Amulet Titan;AT;A;Stenitzer-Brucker-Summersberger;3
431;Brucker, David;Tron;DE;B;Stenitzer-Brucker-Summersberger;3
431;Summersberger, Helmut;U/W Control;AT;C;Stenitzer-Brucker-Summersberger;3
432;Klein, Simon;Eldrazi Tron;XE;A;Klein-Amann-Giss;3
432;Amann, Aymeric;W/U Spirits;FR;B;Klein-Amann-Giss;3
432;Giss, Julien;Burn;FR;C;Klein-Amann-Giss;3
433;Vidinliev, Vladimir;Whirza;BE;A;Vidinliev-Kamenov-Kalaydzhiev;3
433;Kamenov, Kamen;Burn;BE;B;Vidinliev-Kamenov-Kalaydzhiev;3
433;Kalaydzhiev, Emil;Jund;BE;C;Vidinliev-Kamenov-Kalaydzhiev;3
434;Roberts, Katie;Elves;XE;A;Roberts-Thomas-Lobreglio;3
434;Thomas, Adam;G/W Stoneblade;XE;B;Roberts-Thomas-Lobreglio;3
434;Lobreglio, Oliver;Burn;XE;C;Roberts-Thomas-Lobreglio;3
435;Baier, Maximilian;U/W Stoneblade;DE;A;Baier-Bauer-Hempelmann;3
435;Bauer, Steffen;TitanShift;DE;B;Baier-Bauer-Hempelmann;3
435;Hempelmann, Alexander;U/B Mill;DE;C;Baier-Bauer-Hempelmann;3
436;Palubicki, Marek;Whirza;PL;A;Palubicki-Knop-Geldon;3
436;Knop, Kornel;Jund;PL;B;Palubicki-Knop-Geldon;3
436;Geldon, Krystian;Grixis Shadow;PL;C;Palubicki-Knop-Geldon;3
437;Locher, Benjamin;Mardu Shadow;FR;A;Locher-Gauthier-Devillers;3
437;Gauthier, Yannick;Grixis Shadow;FR;B;Locher-Gauthier-Devillers;3
437;Devillers, Pierre;Amulet Titan;FR;C;Locher-Gauthier-Devillers;3
438;Susan, Fatih;Jeskai Stoneblade;NL;A;Susan-Putra-Roeleven;3
438;Putra, Alvin;Humans;NL;B;Susan-Putra-Roeleven;3
438;Roeleven, Jeffrey;TitanShift;NL;C;Susan-Putra-Roeleven;3
439;Brunner, Dennis;Mono-Red Prowess;DE;A;Brunner-Seeger-Bernstein;3
439;Seeger, Tim;Devoted Vizier;DE;B;Brunner-Seeger-Bernstein;3
439;Bernstein, Fabian;TitanShift;DE;C;Brunner-Seeger-Bernstein;3
440;Hoog, Errik;Devoted Stoneforge Vizier;NL;A;Hoog-Hoek-De Man;3
440;Hoek, Sebastiaan;Hardened Scales;NL;B;Hoog-Hoek-De Man;3
440;De Man, Remco;Eldrazi Tron;NL;C;Hoog-Hoek-De Man;3
441;Praet, Stefaan;Affinity;BE;A;Praet-De Schutter-D'Huyvetter;3
441;De Schutter, Timothy;Eldrazi Tron;BE;B;Praet-De Schutter-D'Huyvetter;3
441;D'Huyvetter, Bert;Goblins;BE;C;Praet-De Schutter-D'Huyvetter;3
442;Busch, Jasper;U/W Stoneblade;NL;A;Busch-Shawki-Penders;3
442;Shawki, Benjamin;Infect;NL;B;Busch-Shawki-Penders;3
442;Penders, Joel;Whirza;NL;C;Busch-Shawki-Penders;3
443;Spitz, Jelle;Bogles;NL;A;Spitz-Van Pelt-Smit;3
443;Van Pelt, Simon;Merfolk;NL;B;Spitz-Van Pelt-Smit;3
443;Smit, Roos;Burn;NL;C;Spitz-Van Pelt-Smit;3
444;Molder, Petter;G/W Eldrazi;SE;A;Molder-Stureson-Engstrom;3
444;Stureson, Per;The Rock;SE;B;Molder-Stureson-Engstrom;3
444;Engstrom, Joakim;Traverse Shadow;SE;C;Molder-Stureson-Engstrom;3
445;Harte, Ruud;Ad Nauseam;NL;A;Harte-Van Der Steenhoven-Piket;3
445;Van Der Steenhoven, Rob;Whirza;NL;B;Harte-Van Der Steenhoven-Piket;3
445;Piket, Nanne;TitanShift;NL;C;Harte-Van Der Steenhoven-Piket;3
446;Beiersdorfer, Alexander;Whirza;DE;A;Beiersdorfer-Mcgrath-Ertl;3
446;Mcgrath, Joseph;Whirza;DE;B;Beiersdorfer-Mcgrath-Ertl;3
446;Ertl, Kevin;Burn;DE;C;Beiersdorfer-Mcgrath-Ertl;3
447;Schroyen, Davy;Hardened Scales;BE;A;Schroyen-Theys-Snijkers;3
447;Theys, Koen;Bant Soulherder;BE;B;Schroyen-Theys-Snijkers;3
447;Snijkers, Ronny;Jund;BE;C;Schroyen-Theys-Snijkers;3
448;Simonato, Luca;Infect;IT;A;Simonato-Ponza-Micolonghi;1
448;Ponza, Valerio;TitanShift;IT;B;Simonato-Ponza-Micolonghi;1
448;Micolonghi, Flavio;Hardened Scales;IT;C;Simonato-Ponza-Micolonghi;1
449;Munoz, Christian;Tron;NO;A;Munoz-Quinteros-Jetmundsen;1
449;Quinteros, Simon;Tron;NO;B;Munoz-Quinteros-Jetmundsen;1
449;Jetmundsen, Espen;Burn;NO;C;Munoz-Quinteros-Jetmundsen;1
450;Plinate, Robin;Hardened Scales;FR;A;Plinate-Conti-Bertrand;1
450;Conti, Florent;Bant Soulherder;FR;B;Plinate-Conti-Bertrand;1
450;Bertrand, Valentin;Grixis Shadow;FR;C;Plinate-Conti-Bertrand;1
451;Birinci, Ozan;Jeskai Stoneblade;NL;A;Birinci-Van Luttervelt-Weijers;1
451;Van Luttervelt, Dave;Stoneforge & Taxes;NL;B;Birinci-Van Luttervelt-Weijers;1
451;Weijers, Stefan;Whirza;NL;C;Birinci-Van Luttervelt-Weijers;1
452;Kewe, Marco;Tron;DE;A;Kewe-Lambert-Jestadt;1
452;Lambert, Stefan;Bant Infect;DE;B;Kewe-Lambert-Jestadt;1
452;Jestadt, Martin;Humans;DE;C;Kewe-Lambert-Jestadt;1
453;Benard, Aurelien;Electro-End;FR;A;Benard-Barberi-Leydet;1
453;Barberi, Jonathan;Jund;FR;B;Benard-Barberi-Leydet;1
453;Leydet, Cedric;Sultai CrabVine;FR;C;Benard-Barberi-Leydet;1
454;Geusens, Michiel;W/U Control;BE;A;Geusens-Luijten-Dolmans;1
454;Luijten, Seppe;B/R Midrange;BE;B;Geusens-Luijten-Dolmans;1
454;Dolmans, Jorn;Tron;BE;C;Geusens-Luijten-Dolmans;1
455;Puissant, Remi;Tron;FR;A;Puissant-Chevalier-Lavialle;0
455;Chevalier, Romain;Unknown;FR;B;Puissant-Chevalier-Lavialle;0
455;Lavialle, Victor;Grixis Shadow;FR;C;Puissant-Chevalier-Lavialle;0
456;Laube, Phil;Eldrazi Tron;DE;A;Laube-Schmeyer-Waschul;0
456;Schmeyer, Christoph;Bogles;DE;B;Laube-Schmeyer-Waschul;0
456;Waschul, Sascha;Mono-Red Prowess;DE;C;Laube-Schmeyer-Waschul;0
457;Menzel, Ralf;U/W Tempo;DE;A;Menzel-Schroder-Elsner;0
457;Schroder, Michael;U/W Stoneblade;DE;B;Menzel-Schroder-Elsner;0
457;Elsner, Jens;Devoted Vizier;DE;C;Menzel-Schroder-Elsner;0
458;Saari, Ville;Unknown;FI;A;Saari-Vahtera-Huttunen;0
458;Vahtera, Mikael;Unknown;FI;B;Saari-Vahtera-Huttunen;0
458;Huttunen, Aaro;Unknown;FI;C;Saari-Vahtera-Huttunen;0
459;Huygen, Onno;U/W Stoneblade;NL;A;Huygen-Jongkind-De Groot;0
459;Jongkind, Lukas;Amulet Titan;NL;B;Huygen-Jongkind-De Groot;0
459;De Groot, Boris;Ad Nauseam;NL;C;Huygen-Jongkind-De Groot;0
460;Holker, David;Pox Crab;DE;A;Holker-Kronberger-Alsheimer;0
460;Kronberger, Niklas;Pox Crab;DE;B;Holker-Kronberger-Alsheimer;0
460;Alsheimer, Christoph;Pox Crab;DE;C;Holker-Kronberger-Alsheimer;0
461;Requier, Sebastien;Burn;FR;A;Requier-Delahouliere-Gratecap;0
461;Delahouliere, Antoine;Jund;FR;B;Requier-Delahouliere-Gratecap;0
461;Gratecap, Jean-Baptiste;Burn;FR;C;Requier-Delahouliere-Gratecap;0
462;Goddaert, Darren;Tron;BE;A;Goddaert-Vercauteren-Van Der Kemp;0
462;Vercauteren, Dennis;The Rock;BE;B;Goddaert-Vercauteren-Van Der Kemp;0
462;Van Der Kemp, Tristan;Dredge;BE;C;Goddaert-Vercauteren-Van Der Kemp;0
463;Fonseca, Jose;Eldrazi Tron;PT;A;Fonseca-Silva-Silva;0
463;Silva, Marco;TitanShift;PT;B;Fonseca-Silva-Silva;0
463;Silva, Ricardo;Burn;PT;C;Fonseca-Silva-Silva;0
464;Kronschlager, Martin;Jund;AT;A;Kronschlager-Rumplmayr-Falkner;0
464;Rumplmayr, Christopher;Tron;AT;B;Kronschlager-Rumplmayr-Falkner;0
464;Falkner, Rene;W/B Pox;AT;C;Kronschlager-Rumplmayr-Falkner;0
465;Timmer, Bert;Humans;NL;A;Timmer-Timmer-Timmer;0
465;Timmer, Etske;Elves;NL;B;Timmer-Timmer-Timmer;0
465;Timmer, Gijs;Aetherworks Marvel;NL;C;Timmer-Timmer-Timmer;0
466;Nielsen, Mads Fog;Neobrand;DK;A;Nielsen-Soberg-Ploug;0
466;Soberg, Sebastian;Storm;DK;B;Nielsen-Soberg-Ploug;0
466;Ploug, Mads;TitanShift;DK;C;Nielsen-Soberg-Ploug;0
467;Coors, Raphael;The Rock;DE;A;Coors-Kirsch-Mirniy;0
467;Kirsch, Richard;Tron;DE;B;Coors-Kirsch-Mirniy;0
467;Mirniy, Eduard;Hardened Scales;DE;C;Coors-Kirsch-Mirniy;0
468;Van Audenhove, Kenny;Humans;BE;A;Van Audenhove-Bisschop-Van De Moortel;0
468;Bisschop, Robby;Burn;BE;B;Van Audenhove-Bisschop-Van De Moortel;0
468;Van De Moortel, Koen;G/B Infect;BE;C;Van Audenhove-Bisschop-Van De Moortel;0
469;Van Den Abeele, Bram;G/W Stoneblade;BE;A;Van Den Abeele-Slabbinck-Goeminne;0
469;Slabbinck, Aster;Stoneforge Pyromancers;BE;B;Van Den Abeele-Slabbinck-Goeminne;0
469;Goeminne, Pieter;Burn;BE;C;Van Den Abeele-Slabbinck-Goeminne;0
470;Lenaerts, Mathi;Eldrazi & Taxes;BE;A;Lenaerts-Sysmans-Hendrickx;0
470;Sysmans, Jan;Bant Stoneblade;BE;B;Lenaerts-Sysmans-Hendrickx;0
470;Hendrickx, Sander;Whirza;BE;C;Lenaerts-Sysmans-Hendrickx;0
471;Garcia, Tomas;Red Eldrazi;FR;A;Garcia-Kramboussanos-Kelleter;0
471;Kramboussanos, Thomas;Burn;BE;B;Garcia-Kramboussanos-Kelleter;0
471;Kelleter, Thomas;Tron;BE;C;Garcia-Kramboussanos-Kelleter;0
472;Nolte, Nils;Merfolk;DE;A;Nolte-Kohnlechner-Rommel;0
472;Kohnlechner, Tobias;Whirza;DE;B;Nolte-Kohnlechner-Rommel;0
472;Rommel, Phillip;Humans;DE;C;Nolte-Kohnlechner-Rommel;0
473;Dierickx, Karel;Infect;BE;A;Dierickx-Van Massenhove-De Vos;0
473;Van Massenhove, Timothy;Storm;BE;B;Dierickx-Van Massenhove-De Vos;0
473;De Vos, Zoltan;Faeries;BE;C;Dierickx-Van Massenhove-De Vos;0
474;Morgan, Anthony;Jund;DE;A;Morgan-Spee-Muller;0
474;Spee, Ole;Whirza;US;B;Morgan-Spee-Muller;0
474;Muller, Tilman;Burn;DE;C;Morgan-Spee-Muller;0
475;Weber, Patrick;Burn;DE;A;Weber-Trauer-Bolesch;0
475;Trauer, Pierre;R/B Burn;DE;B;Weber-Trauer-Bolesch;0
475;Bolesch, Michael;Whirza;DE;C;Weber-Trauer-Bolesch;0
476;Blanchet, Eric;Grixis Shadow;US;A;Blanchet-Walker-Achorn;0
476;Walker, Nathaniel;Grixis Shadow;US;B;Blanchet-Walker-Achorn;0
476;Achorn, Steve;Jund;US;C;Blanchet-Walker-Achorn;0
477;Riedl, Adrian;Twiddle Storm;AT;A;Riedl-Schutz-Blosel;0
477;Schutz, Stefan;Whirza;AT;B;Riedl-Schutz-Blosel;0
477;Blosel, Stefan;TitanShift;AT;C;Riedl-Schutz-Blosel;0
478;Kamps, Lukas;Jund;DE;A;Kamps-Thurow-Goetze;0
478;Thurow, Boris;TitanShift;DE;B;Kamps-Thurow-Goetze;0
478;Goetze, Michael;W/U Control;DE;C;Kamps-Thurow-Goetze;0
